id,name,gender,dob,dobp,dod,dodp,image,enwiki
Q101064937,Luís Pedro Pimentel,male,1970-04-16,11,2020-06-06,11,,
Q101537534,Pedro Cegonho,male,1978-08-09,11,,,,
Q101584344,Isabel Meireles,female,1954-09-04,11,,,,Isabel Meirelles
Q101617629,Paulo Moniz,male,1969-01-02,11,,,,
Q101760216,Isabel Rodrigues,female,1965-02-03,11,,,,
Q102032969,Armando Soares,male,1977-07-30,11,,,,
Q102187795,Ana Mesquita,female,1979-03-22,11,,,,Ana Mesquita
Q102209446,Paulo Porto Fernandes,male,1964-04-16,11,,,Paulo Porto Fernandes (002).jpg,
Q102293068,Alma Rivera,female,1991-09-24,11,,,,Alma Rivera
Q102297248,Diana Ferreira,female,1981-03-17,11,,,,Diana Ferreira
Q102300635,Paula Santos,female,1980-09-29,11,,,,Paula Santos
Q102375092,João Dias,male,1973-07-16,11,,,,
Q10263926,Daniel Campelo,male,1960,9,,,,
Q10263994,Daniel Sanches,male,1949-07-25,11,,,,
Q10270621,Eduardo Azevedo Soares,male,1941-01-23,11,2010-12-29,11,,
Q10272093,Elvira Fortunato,female,1964-07-22,11,,,"Elvira Fortunato (27 femmes racontées par Emilie Broussouloux - Présidence Française du Conseil de l'Union Européenne), cropped.png",Elvira Fortunato
Q10272128,Elza Pais,female,1958-11-22,11,,,,Elza Pais
Q10281366,Fernando Gomes,male,1946-04-13,11,,,,
Q10281462,Fernando Negrão,male,1955-11-29,11,,,Fernando Negrão PSD.png,Fernando Negrão
Q10281523,Fernando Seara,male,1956-04-01,11,,,,
Q10284519,Francisca Almeida,female,1983-11-06,11,,,,Francisca Almeida
Q10284869,Francisco José Viegas,male,1962-03-14,11,,,,
Q10287923,Gabriela Canavilhas,female,1961-03-29,11,,,"Gabriela Canavilhas - VII Reunião de Ministros da Cultura da CPLP, Sintra, Portugal, 18 de Junho de 2010.png",Gabriela Canavilhas
Q10294458,Helena Pinto,female,1959-09-05,11,,,,
Q10295257,Nuno da Câmara Pereira,male,1951-06-19,11,,,,
Q10298152,Honório Novo,male,1950-10-24,11,,,,Honório Novo
Q10299830,Idália Serrão,female,1964-05-16,11,,,"Idália Serrão, 2013.png",Idália Serrão
Q10303913,Isilda Gomes,female,1951-09-16,11,,,CoR Members portraits - Isilda Maria DOS SANTOS VARGES GOMES.jpg,
Q10308054,Jorge Bacelar Gouveia,male,1966-07-01,11,,,,
Q10308196,Jorge Neto,male,1957-01-03,11,,,,
Q10309299,José Eduardo Martins,male,1969-12-09,11,,,,José Eduardo Martins (politician)
Q10309832,José Luís Ferreira,male,1962-08-27,11,,,,
Q10309874,José Manuel Canavarro,male,1965-04-17,11,,,,
Q10309889,José Manuel Pureza,male,1958-12-18,11,,,JoséManuelPureza.jpg,José Manuel Pureza
Q10309911,José Manuel de Sousa Rodrigues,male,1960-07-13,11,,,,
Q10310170,José Moura Soeiro,male,1984-08-11,11,,,"José Soeiro, Bloco de Esquerda (cropped).png",José Soeiro
Q10313391,Júlio Castro Caldas,male,1943-11-19,11,2020-01-04,11,"Júlio Castro Caldas, 001010-D-9880W-031.jpg",Júlio Castro Caldas
Q10320716,Luiz Fagundes Duarte,male,1954-10-06,11,,,,
Q10321318,Luís Braga da Cruz,male,1942-05-30,11,,,,
Q10321414,Luís Fazenda,male,1957-10-08,11,,,Deputados do Bloco de Esquerda (16) (4027352494).jpg,
Q10321558,Luís Menezes,male,1980-12-20,11,,,,
Q10322008,Lídia Maria Bulcão Rosa da Silveira Dutra,female,1975-04-19,11,,,Lidia bulcao psd acores.jpg,
Q10324447,Manuel Pizarro,male,1964-02-02,11,,,,Manuel Pizarro (politician)
Q10324724,Manuela Arcanjo,female,1954-04-12,11,,,,Manuela Arcanjo
Q10325702,Maria Amélia Santos,female,1952-08-25,11,,,,Maria Amélia Santos
Q10326209,Mariana Aiveca,female,1954-02-03,11,,,Deputados do Bloco de Esquerda (16) (4026598887).jpg,
Q10329706,Miguel Albuquerque,male,1961-05-04,11,,,Saint Helier - Funchal 2012 13.jpg,Miguel Albuquerque
Q10329776,Miguel Frasquilho,male,1965-11-12,11,,,Miguel Frasquilho 09.jpg,Miguel Frasquilho
Q10334416,Mário David,male,1953-08-20,11,,,David Mário 2014-02-06 1.jpg,
Q10334505,Mário Patinha Antão,male,1945-06-26,11,,,,
Q10338219,Nuno Melo,male,1966-03-18,11,,,"Nuno Melo MEP, Strasbourg - Diliff.jpg",Nuno Melo (politician)
Q10338225,Nuno Morais Sarmento,male,1961-01-31,11,,,,
Q10346718,Paulo Mota Pinto,male,1966-11-18,11,,,,
Q10346767,Paulo Rangel,male,1968-02-18,11,,,MERCOSUL - Representação Brasileira no Parlamento do Mercosul (22371092998) (cropped).jpg,Paulo Rangel
Q10347430,Pedro Duarte,male,1973-07-12,11,,,,
Q10347467,Pedro Filipe Soares,male,1979-02-15,11,,,Deputados do Bloco de Esquerda (16) (4027352316).jpg,Pedro Filipe Soares
Q10347577,Pedro Lynce,male,1943-02-06,11,,,,
Q10347660,Pedro Nuno Santos,male,1977-04-13,11,,,"Pedro Nuno Santos, 2020-01-15 (cropped).png",Pedro Nuno Santos
Q10347716,Pedro Quartin Graça Simão José,male,1962-05-18,11,,,,
Q10347837,Pedro da Vinha Costa,male,1960-10-15,11,,,,
Q10351143,Pompeu Miguel Martins,male,1969-11-05,11,,,Pmmlogo.jpg,
Q10357753,Raúl Miguel Rosado Fernandes,male,1934-07-11,11,2018-05-13,11,,
Q10361131,Ricardo Fonseca Almeida,male,1974-03-27,11,,,,
Q10361221,Ricardo Rodrigues,male,1958-06-01,11,,,Ricardo Rodrigues.jpg,
Q10365280,Rui Machete,male,1940-04-07,11,,,Secretary Kerry and Portuguese Foreign Minister Machete Address Reporters.jpg,Rui Machete
Q10365313,Rui Pena,male,1939-12-25,11,2018-01-08,11,,
Q10372914,Sofia Cabral,female,1978-02-13,11,,,,
Q10376154,Sérgio Lipari Pinto,male,1962-06-27,11,,,Lipari mini.JPG,
Q103819821,Duarte Alves,male,1991-01-06,11,,,,
Q103819858,Odete Silva,female,1971-09-18,11,2016-03-10,11,,
Q103891418,Paulo Sá,male,1965-07-12,11,,,,
Q10392072,Vitalino Canas,male,1959-07-14,11,,,"Vitalino Canas, Seminário Internacional de Direito Administrativo e de Administração Pública, 2017 (cropped).jpg",Vitalino Canas
Q103998211,José Silvano,male,1957-02-28,11,,,,
Q104137316,Miguel Costa Matos,male,1994-05-29,11,,,AprCandidaturaMCM (27 de 53).jpg,
Q104771012,Fátima Ramos,female,1962-01-18,11,,,,
Q105158705,José Pereira Marques,male,1972-09-17,11,,,,
Q105207145,Carla Cruz,female,1971-11-06,11,,,,
Q105810842,Vítor Cabrita Neto,male,1943-07-18,11,,,,
Q105918879,Cristina Rodrigues,female,1985-06-14,11,,,,Cristina Rodrigues (politician)
Q106075020,António Dias Baptista,male,1958-01-30,11,2021-03-13,11,,
Q106225870,José Miguel Noras,male,1956-02-01,11,,,,
Q106363522,José Lamego,male,1953-01-05,11,,,,
Q106407692,Fabíola Cardoso,female,1972-11-29,11,,,,
Q106532452,Pedro Delgado Alves,male,1980-12-12,11,,,,
Q106542530,António Manuel Fernandes da Silva Ribeiro,male,1957-10-14,11,,,"Rear Adm. Antonio Silva Ribeiro, Deputy Vice Chief of the Portuguese Naval Staff, Portuguese Navy (5222172280) (cropped).jpg",António da Silva Ribeiro
Q106543787,Diogo Pacheco de Amorim,male,1949-03-10,11,,,,Diogo Pacheco de Amorim
Q106943329,Álvaro Almeida,male,1964-11-17,11,,,,
Q106943424,Alexandre Poço,male,1992-07-04,11,,,,
Q106944576,Alexandra Vieira,female,1966-09-29,11,,,,
Q106944623,Alexandra Tavares de Moura,female,1969-02-12,11,,,,
Q106944651,Alberto Machado,male,1978-08-07,11,,,,
Q106946789,Alberto Fonseca,male,1983-07-13,11,,,,
Q106946850,Afonso Oliveira,male,1964-03-27,11,,,,
Q106950733,Ana Miguel dos Santos,female,1981-09-12,11,,,,
Q106950931,Ana Passos,female,1967-05-30,11,,,"Ana Passos, 2013.png",
Q106951099,Anabela Sousa Rodrigues,female,1972-10-09,11,,,,
Q106951460,Diana Santos,female,1984-07-21,11,,,,
Q106951633,Bebiana Cunha,female,1985-12-25,11,,,,
Q106952112,Cláudia Bento,female,1983-06-04,11,,,,Cláudia Bento
Q106952741,Isabel Lopes,female,1970-04-15,11,,,,
Q106952912,Isabel Oneto,female,1959-09-14,11,,,Informal meeting of justice and home affairs ministers. Handshake (Home Affairs) Andres Anvelt and Isabel Oneto (34911237774) (cropped).jpg,Isabel Oneto
Q106953409,Isabel Pires,female,1990-06-21,11,,,"Arruada Morais Soares, Lisboa, Set.2021 (51801686055) (cropped).jpg",
Q106953442,Joana Bento,female,1987-07-21,11,,,,
Q106953568,Norberto Patinho,male,1954-09-22,11,,,,
Q106953722,Tiago Barbosa Ribeiro,male,1983-09-19,11,,,Tiago Barbosa Ribeiro.jpg,
Q106956200,André Coelho Lima,male,1974-05-31,11,,,,
Q106956222,André Neves,male,1988-09-10,11,,,,
Q106956308,André Pinotes Batista,male,1984-04-13,11,,,,
Q106957328,António Cunha,male,1969-04-30,11,,,,
Q106957334,António Gameiro,male,1970-08-14,11,,,,
Q106959146,António Lima Costa,male,1964-01-12,11,,,,
Q106963550,António Maló de Abreu,male,1957-01-14,11,,,,
Q106963643,Artur Soveral Andrade,male,1959-10-26,11,,,,
Q106963658,Ascenso Simões,male,1963-05-03,11,,,,
Q106963743,Bruno Aragão,male,1984-03-18,11,,,,
Q106963771,Bruno Coimbra,male,1981-04-21,11,,,Bruno Coimbra.png,
Q106963803,Carlos Brás,male,1968-09-08,11,,,,
Q106963914,Carla Barros,female,1980-02-08,11,,,,
Q106964088,Carla Borges,female,1972-06-02,11,,,,
Q106970441,Carla Madureira,female,1974-01-11,11,,,,Carla Madureira
Q106978016,Carla Sousa,female,1970-06-05,11,,,,
Q106978065,Catarina Rocha Ferreira,female,1980-08-04,11,,,,
Q106978092,Carlos Eduardo Reis,male,1984-05-05,11,,,,
Q106978169,Carlos Peixoto,male,1968-02-13,11,,,,
Q106978456,Clarisse Campos,female,1963-08-05,11,,,,
Q106978569,Cláudia André,female,1971-05-24,11,,,,Cláudia André
Q106980408,Cláudia Santos,female,1971-01-25,11,,,,Cláudia Cruz Santos
Q106980556,Cristina Jesus,female,1971-08-07,11,,,,
Q106989705,Cristina Mendes da Silva,female,1966-08-23,11,,,,Cristina Mendes da Silva
Q106989769,Cristina Sousa,female,1966-08-25,11,,,,
Q106990158,Cristóvão Norte,male,1976-08-06,11,,,,
Q106991181,Diogo Leão,male,1986-02-10,11,,,,
Q106991775,Duarte Pacheco,male,1965-11-25,11,,,,
Q107002572,Eduardo Barroco de Melo,male,1988-10-05,11,,,,
Q107005612,Eduardo Teixeira,male,1972-06-25,11,,,,
Q107012611,Emídio Guerreiro,male,1965-05-23,11,,,,
Q107012660,Emília Cerqueira,female,1971-03-14,11,,,,Emília Cerqueira
Q107012713,Eurídice Pereira,female,1962-10-20,11,,,,Eurídice Pereira
Q107013135,Fabian Figueiredo,male,1989-01-14,11,,,,
Q107013652,Fernanda Velez,female,1961-02-20,11,,,,
Q107015131,Fernando Anastácio,male,1957-01-26,11,,,,
Q107016774,Fernando José,male,1972-08-26,11,,,,
Q107017296,Fernando Paulo Ferreira,male,1973-05-10,11,,,,
Q107019540,Filipa Roseta,female,1973-03-09,11,,,Filipa Roseta (2022).jpg,Filipa Roseta
Q107020056,Filipe Neto Brandão,male,1968-09-09,11,,,,
Q107020690,Filipe Pacheco,male,1989-05-10,11,,,,
Q107020750,Firmino Marques,male,1958-05-20,11,,,,
Q107020981,Francisco Pereira Oliveira,male,1961-01-01,11,,,,
Q107021299,Francisco Rocha,male,1967-01-30,11,,,,
Q107021623,Helga Correia,female,1977-03-22,11,,,,Helga Correia
Q107024384,Hortense Martins,female,1966-09-21,11,,,,
Q107024473,Hugo Carneiro,male,1982-05-20,11,,,,
Q107024959,Hugo Carvalho,male,1987-08-17,11,,,,
Q107026568,Hugo Costa,male,1983-07-17,11,,,,
Q107026671,Hugo Martins de Carvalho,male,1990-07-26,11,,,,
Q107028760,Hugo Oliveira,male,1982-03-01,11,,,,
Q107028873,Hugo Patrício Oliveira,male,1974-12-29,11,,,,
Q107028953,Hugo Pires,male,1979-04-21,11,,,,
Q107029059,Ilídia Quadrado,female,1971-04-19,11,,,,
Q107029943,Isaura Morais,female,1966-06-19,11,,,,Isaura Morais
Q107050358,Joana Sá Pereira,female,1993-07-04,11,,,,Joana Sá Pereira
Q107050896,João Azevedo,male,1974-12-06,11,,,,
Q107051596,João Azevedo Castro,male,1971-01-24,11,,,20181024 JoaoCastro PaçosPerdidos.jpg,
Q107057764,João Gomes Marques,male,1959-11-04,11,,,,
Q107065485,João Moura,male,1971-07-08,11,,,,
Q107072031,João Paulo Correia,male,1976-09-28,11,,,,
Q107079084,João Paulo Pedrosa,male,1965-09-29,11,,,,
Q107082574,Joaquim Barreto,male,1950-12-22,11,,,,
Q107088964,Jorge Paulo Oliveira,male,1965-12-28,11,,,,
Q107089476,Jorge Salgueiro Mendes,male,1965-01-11,11,,,,
Q107089962,José Cancela Moura,male,1963-07-27,11,,,,
Q107090683,José Manuel Carpinteira,male,1959-04-06,11,,,,
Q107092480,José Maria Cardoso,male,1960-12-20,11,,,,
Q107092699,José Fernando Gomes Mendes,male,1962-01-28,11,,,,
Q107092998,José Rui Cruz,male,1966-11-14,11,,,,
Q107094393,Lina Lopes,female,1961-05-28,11,,,,Lina Lopes
Q107108864,Lúcia Araújo Silva,female,1964-03-02,11,,,,
Q107109248,Luís Graça,male,1972-08-16,11,,,,
Q107109969,Luís Moreira Testa,male,1978-01-20,11,,,,
Q107110619,Luís Soares,male,1983-07-08,11,,,,
Q107121392,Manuel dos Santos Afonso,male,1950-12-01,11,,,,
Q107121442,Mara Lagriminha,female,1985-06-16,11,,,,Mara Lagriminha
Q107121609,Márcia Passos,female,1969-07-24,11,,,,Márcia Passos
Q107122950,Maria Antónia de Almeida Santos,female,1962-02-14,11,,,,Maria Antónia Almeida Santos
Q107123082,Maria da Graça Reis,female,1972-07-18,11,,,,
Q107123187,Maria Gabriela Fonseca,female,1958-06-05,11,,,,Maria Gabriela Fonseca
Q107123329,Maria Germana Rocha,female,1968-06-08,11,,,,
Q107123493,Joaquina Matos,female,1952-09-13,11,,,,
Q107123818,Mariana Pereira da Silva,female,1982-04-28,11,,,,
Q107124110,Martina de Jesus,female,1965-02-28,11,,,,
Q107124509,Mónica Quintela,female,1967-07-14,11,,,,Mónica Quintela
Q107126548,Nelson Peralta,male,1981-05-25,11,,,,
Q107126993,Nuno Fazenda,male,1976-10-24,11,,,,
Q107128811,Nuno Sá,male,1976-04-02,11,,,,
Q107133080,Ofélia Ramos,female,1970-07-05,11,,,,Ofélia Ramos
Q107139690,Olga Silvestre,female,1964-09-19,11,,,,Olga Silvestre
Q107139929,Palmira Maciel,female,1961-11-24,11,,,,Palmira Maciel
Q107141655,Paulo Leitão,female,1980-03-09,11,,,,
Q107145184,Paulo Rios de Oliveira,male,1965-02-19,11,,,,
Q107145323,Pedro Alves,male,1972-12-30,11,,,,
Q107155097,Pedro Coimbra,male,1973-04-01,11,,,,
Q107156294,Pedro do Carmo,male,1971-04-30,11,,,,
Q107157754,Pedro Roque,male,1963-01-10,11,,,,
Q107161378,Pedro Rodrigues,male,1979-07-27,11,,,,
Q107169523,Pedro Sousa,male,1981-11-09,11,,,,
Q107169823,Porfírio Silva,male,1961-10-29,11,,,,
Q107170330,Raquel Ferreira,female,1969-07-16,11,,,,
Q107175037,Raul Miguel de Castro,male,1948-10-19,11,,,,
Q107176430,Ricardo Leão,male,1975-08-11,11,,,,
Q107177088,Ricardo Vicente,male,1984-01-30,11,,,"Ricardo Vicente, Bloco de Esquerda.png",
Q107177442,Rita Borges Madeira,female,1972-08-08,11,,,,Rita Madeira
Q107177591,Rosário Gambôa,female,1956-05-03,11,,,,Rosário Gambôa
Q107177797,Rui Cristina,male,1979-05-19,11,,,,
Q107182206,Rui Silva,male,1965-04-30,11,,,,
Q107183173,Sandra Pereira,female,1974-06-23,11,,,,
Q107193833,Santinho Pacheco,male,1951-09-01,11,,,,
Q107201951,Sara Velez,female,1973-11-12,11,,,,
Q107202393,Sílvia Torres,female,1979-01-07,11,,,,
Q107204005,Sofia Araújo,female,1974-09-06,11,,,,
Q107204370,Sofia Matos,female,1990-09-28,11,,,,Sofia Matos
Q107206214,João Serpa Oliva,male,1948-06-26,11,2021-06-04,11,João Serpa Oliva.png,
Q107208208,Susana Correia,female,1976-06-10,11,,,,Susana Correia
Q107209912,Telma Guerreiro,female,1977-06-14,11,,,,
Q107211079,Tiago Estêvão Martins,male,1989-09-11,11,,,,
Q107211134,Vera Braz,female,1986-11-29,11,,,,
Q107360656,Sandra Cunha,female,1972-10-21,11,,,Sandra Cunha (Coming Out Prémios Arco Íris 2019).jpg,Sandra Cunha
Q107523979,Victor Cruz,male,1963-03-10,11,,,,
Q108114536,Ângela Ferreira,female,1975-06-12,11,,,,
Q108118314,Rita Marques,female,1975,9,,,2021 - Centre Stage CG1 0630 (51654604698) (cropped).jpg,
Q108118345,Ricardo Pinheiro,male,1980-08-28,11,,,,
Q108119751,Miguel Cabrita,male,1976,9,,,,
Q108119897,Marina Gonçalves,female,1988-04-23,11,,,,
Q108120413,João Paulo Rebelo,male,1974-08-18,11,,,,
Q108120680,João Galamba,male,1976-08-04,11,,,"João Galamba, 2014.png",
Q108120815,João Costa,male,1972-11-04,11,,,"João Marques da Costa, Secretário de Estado Adjunto e da Educação (JAP Friday Talk).png",João Marques da Costa
Q108434558,Vitor Cunha,male,1951-05-21,11,2020-03-22,11,,
Q110186887,João Lobo,male,1951-10-14,11,2021-12-17,11,,
Q110623942,Amadeu Soares Albergaria,male,1977-01-16,11,,,Amadeu Soares Albergaria.png,
Q110646853,Maria Antonieta Dias,female,1952-03-12,11,,,,
Q110757572,Pedro Frazão,male,1975-04-27,11,,,Pedro dos Santos Frazão - Deputado do CHEGA.jpg,Pedro Frazão
Q110759261,Jorge Galveias,male,1952-04-06,11,,,,Jorge Valsassina Galveias
Q110759678,Pedro Pinto,male,1977-07-01,11,,,Pedro Pinto - Deputado Chega.jpg,Pedro Soares Pinto
Q110759819,Filipe Melo,male,1981-08-12,11,,,,Filipe Melo (politician)
Q110760887,Gabriel Mithá Ribeiro,male,1965,9,,,,Gabriel Mithá Ribeiro
Q110761114,Miguel Iglésias,male,1983-07-29,11,,,,
Q110761159,Pedro Pessanha,male,1966-09-22,11,,,,Pedro Pessanha
Q110769095,Bruno Nunes,male,1976-10-16,11,,,,Bruno Nunes (politician)
Q110769606,Rui Afonso,male,1979-11-25,11,,,,Rui Afonso
Q110782692,Rita Matias,female,1998-10-17,11,,,Rita Matias - Deputada CHEGA.jpg,Rita Matias
Q110796352,Rui Paulo Sousa,male,1967-11-22,11,,,,Rui Paulo Sousa
Q110806434,Eurico Brilhante Dias,male,1972-03-15,11,,,,
Q110941111,Patrícia Dantas,female,1972-07-25,11,,,Patrícia Dantas - 25 anos da Startup Madeira - 2022-02-14 - DSC07941 (cropped).jpg,Patrícia Dantas
Q110984247,Patrícia Ribeiro Faro,female,1972-09-13,11,,,,Patrícia Ribeiro Faro
Q110993770,Duarte Gouveia,male,1974-11-02,11,,,,
Q111036398,Fernando Rocha Andrade,male,1971-02-19,11,2022-02-28,11,,
Q111047822,Sofia Andrade,female,1988-02-29,11,,,,Sofia Andrade
Q111346739,Helena Carreiras,female,1965-09-26,11,,,Helena Carreiras - ANPC Incêndios Julho 2022 (cropped).png,Helena Carreiras
Q111349255,Duarte Cordeiro,male,1979-02-23,11,,,,Duarte Cordeiro
Q111433557,Tânia Freitas,female,1980-08-10,11,,,,
Q111435569,Pedro Adão e Silva,male,1974-05,10,,,Pedro Adão e Silva (Somos Bibliotecas).png,Pedro Adão e Silva
Q111590010,Carla Castro,female,1978-04-06,11,,,,
Q111609377,Anabela Freitas,female,1966-11-21,11,,,,
Q111621292,Rodrigo Saraiva,male,1976-04-04,11,,,"Rodrigo Saraiva (Diz não ao Artigo 13), cropped.jpg",
Q111621297,Bernardo Blanco,male,1995-11-19,11,,,,
Q111835474,João Gago Horta,male,1943-11-11,11,2022,9,,João Gago Horta
Q112210957,Jorge Gabriel Martins,male,1965-08-10,11,,,,
Q112225619,Paula Reis,female,1975-09-07,11,,,,
Q112229030,Nathalie De Oliveira,female,1977-11-16,11,,,Nathalie De Oliveira.jpg,
Q112790931,Rui Rocha,male,1970-03-13,11,,,,
Q112802035,Patrícia Gilvaz,female,1997-06-24,11,,,,
Q112862340,Ana Benavente,female,1945-08-11,11,,,,
Q112875862,Joaquim Miranda Sarmento,male,1978-08-07,11,,,,
Q112989470,José Matos Rosa,male,1959-09-04,11,,,,
Q11697996,Fialho Isaac,male,1960-01-26,11,,,,
Q11728268,Jorge Nuno Sá,male,1977-06-13,11,,,,
Q11728710,João Gouveia,male,1958-07-11,11,,,,
Q11728720,João Ramos,male,1972-10-13,11,,,,
Q11764394,Luís Montenegro,male,1973-02-16,11,,,Luís Montenegro 2016-01-14.png,Luís Montenegro
Q11764395,Luís Marques Guedes,male,1957-08-25,11,,,,Luís Marques Guedes
Q11767932,Marco António Costa,male,1967-05-18,11,,,,
Q11768765,Maria Carrilho,female,1943-11-25,11,2022-02-06,11,,Maria Carrilho
Q11780551,Miguel Tiago,male,1979-08-27,11,,,Miguel Tiago PCP.png,
Q11794196,Nuno Magalhães,male,1972-03-04,11,,,,Nuno Magalhães
Q1188408,André Brandão de Almeida,male,1978-04-05,11,,,André Brandão de Almeida - Deputado PSD.jpg,
Q1337232,Rui Tavares,male,1972-07-29,11,,,Rui Tavares 2022.png,Rui Tavares
Q1340708,João Soares,male,1949-08-29,11,,,João Soares Senate of Poland.JPG,João Soares (politician)
Q13581124,Maria Luís Albuquerque,female,1967-09-16,11,,,Maria Luís Albuquerque.png,Maria Luís Albuquerque
Q13582493,Manuel Maria Carrilho,male,1951-07-09,11,,,,Manuel Maria Carrilho
Q1382641,Luís Amado,male,1953-09-17,11,,,Luis Amado.JPEG,Luís Amado
Q1382767,Manuel Pinho,male,1954-10-28,11,,,Manuel Pinho.jpg,Manuel Pinho
Q1442096,Francisco Louçã,male,1956,9,,,Francisco Louçã na VI Convenção Nacional do Bloco de Esquerda 01 cropped.jpg,Francisco Louçã
Q1518240,Ana Drago,female,1975-08-28,11,,,Deputados do Bloco de Esquerda (16) (4026598639).jpg,Ana Drago
Q1555060,José Pedro Aguiar Branco,male,1957-07-18,11,,,Panetta y Aguiar-Branco.jpg,José Pedro Aguiar-Branco
Q156780,Jorge Sampaio,male,1939-09-18,11,2021-09-10,11,Fotografia oficial do Presidente Jorge Sampaio.jpg,Jorge Sampaio
Q1580316,António José Seguro,male,1962-03-11,11,,,"António José Seguro, Europeias 2014 (cropped).png",António José Seguro
Q15833722,Manuel Seabra,male,1962-07-28,11,2014-01-01,11,,
Q15849,José Manuel Durão Barroso,male,1956-03-23,11,,,José Manuel Barroso MEDEF 2.jpg,José Manuel Barroso
Q1593180,João Portugal,male,1977-10-01,11,,,,
Q16336402,Almeida Henriques,male,1961-05-05,11,2021-04-04,11,,António Almeida Henriques
Q16336718,António Figueiredo Lopes,male,1936-11-21,11,,,,
Q16336736,Antonio Martins da Cruz,male,1946-12-28,11,,,,
Q16336748,António Pires de Lima,male,1962-04-07,11,,,António Pires de Lima 2014 (cropped).png,António Pires de Lima
Q16337119,Celeste Cardona,female,1951-06-30,11,,,,Celeste Cardona
Q16337640,João Pinho de Almeida,male,1976-09-11,11,,,,
Q16485477,Adolfo Mesquita Nunes,male,1977-11-29,11,,,Adolfo Mesquita Nunes 02.jpg,Adolfo Mesquita Nunes
Q16489067,Altino Bessa,male,1969-08-02,11,,,,
Q16491519,António Leitão Amaro,male,1980-04-02,11,,,António Leitão Amaro 2014-09-16.png,
Q16491799,António José Fernandes de Sousa,male,1955-02-18,11,,,,
Q16498018,Berta Cabral,female,1952-11-20,11,,,BertaCabral.jpg,Berta Cabral
Q16537126,Cláudia Monteiro de Aguiar,female,1982-04-08,11,,,"Cláudia Monteiro de Aguiar, World Travel and Tourism Council (44019942124) (cropped).jpg",Cláudia Aguiar
Q16545093,Fernando de Carvalho Ruas,male,1949-01-15,11,,,,
Q16596372,Ricardo Serrão Santos,male,1954-10-11,11,,,"Ricardo Serrão Santos (What is Deep Sea Mining, Ep 3), cropped.png",Ricardo Serrão Santos
Q1688029,Jerónimo de Sousa,male,1947-04-13,11,,,1º DE MAIO JERÓNIMO DE SOUSA (33584564293).jpg,Jerónimo de Sousa
Q16940072,Hélder Sousa Silva,male,1965-07-21,11,,,Web Summit 2018 - Surf Summit Surf Summit 2018 - Hélder Sousa Silva (43895171410) (cropped).jpg,
Q16940524,Pedro Morais Soares,male,1977-11-07,11,,,Pedro Morais Soares.png,
Q16940875,Telmo Correia,male,1960-02-04,11,,,,
Q1708982,José António de Melo Pinto Ribeiro,male,1946-09-09,11,,,,
Q1709692,José António Vieira da Silva,male,1953-02-14,11,,,"Informal meeting of ministers for employment, social affairs, family and gender equality (iEPSCO). Arrivals José António Vieira da Silva (35887305831).jpg",José António Vieira da Silva
Q17124888,Natália Carrascalão Antunes,female,1952-12-24,11,,,2020-01-28 Natália Carrascalão Antunes 1.jpg,
Q17280335,Inês de Drummond Ludovice Mendes Gomes,female,1974-05-31,11,,,,
Q17420808,Fernando Moniz,male,1953-07-29,11,,,,
Q17496444,Alda Macedo,female,1954-09-07,11,,,,
Q17496450,António Chora,male,1954-10-15,11,,,,
Q17496452,Cecília Honório,female,1962-07-01,11,,,Deputados do Bloco de Esquerda (16) (4026598563).jpg,
Q17496461,Heitor Sousa,male,1953-04-05,11,,,,
Q17496463,Helena Neves,female,1945-06-17,11,,,,Helena Neves
Q17496469,João Teixeira Lopes,male,1969-08-15,11,,,,
Q17496471,Jorge Duarte Costa,male,1975-10-19,11,,,Deputados do Bloco de Esquerda (16) (4027352714).jpg,
Q17496473,José Gusmão,male,1976-07-20,11,,,(José Gusmão) Strasbourg Plenary November 2019 F70A5692-2 (49136575106) (cropped).jpg,José Gusmão
Q17496474,Mariana Mortágua,female,1986-06-24,11,,,"Mariana Mortágua, tempo de antena sobre justiça fiscal, Legislativas 2022.png",Mariana Mortágua
Q17496480,Pedro Manuel Bastos Rodrigues Soares,male,1957-03-06,11,,,,
Q180801,Isabel Pires de Lima,female,1952-07-10,11,,,,
Q182367,José Sócrates,male,1957-09-06,11,,,Josesocrates09082006.jpg,José Sócrates
Q18564749,Anabela Rodrigues,female,1953-12-05,11,,,,Anabela Rodrigues
Q18708029,Luís Duque,male,1957-10-19,11,,,,
Q19359508,José Freire Antunes,male,1954-01-25,11,2015-01-26,11,,
Q19409554,Isabel Moreira,female,1976-04-02,11,,,Isabel Moreira.jpg,Isabel Moreira
Q20017756,Fernando Medina,male,1973-03-10,11,,,Web Summit 2018 - Fernando Medina.jpg,Fernando Medina
Q202794,Luís Campos e Cunha,male,1954,9,,,"Luís Campos e Cunha ('Mão Invisível', Centro de Estudos Sociais da Universidade de Coimbra), cropped.png",
Q2066785,Pedro Silva Pereira,male,1962-08-15,11,,,"Pedro Silva Pereira, Festa de Natal do PS Montalegre de 2015.png",Pedro Silva Pereira
Q21072405,Paulo Trigo Pereira,male,1959-11-03,11,,,,
Q21173863,Artur Lima,male,1963-05-23,11,,,"Artur Lima, Político.jpg",Artur Lima
Q21290312,João Calvão da Silva,male,1952-02-20,11,2018-03-20,11,,João Calvão da Silva
Q21290358,Margarida Mano,female,1963-12-03,11,,,,Margarida Mano
Q21568721,Mário Centeno,male,1966-12-09,11,,,"Informal meeting of economic and financial affairs ministers (ECOFIN). Handshake, Eurogroup Toomas Tõniste and Mário Centeno (37238535645) (cropped).jpg",Mário Centeno
Q21582227,José Alberto Azeredo Lopes,male,1961-06-20,11,,,Informal meeting of defence ministers (FAC). Arrivals José Azeredo Lopes (36267036083) (cropped).jpg,José Alberto Azeredo Lopes
Q21582289,Manuel Caldeira Cabral,male,1968-04-28,11,,,Manuel Caldeira Cabral.JPG,Manuel Caldeira Cabral
Q21600813,Eduardo Cabrita,male,1961-09-26,11,,,"Eduardo Cabrita, Feira do Fumeiro 2017.png",Eduardo Cabrita
Q22005939,Pedro Marques,male,1976-08-01,11,,,High-hevel Conference Dedicated to EU Cohesion Policy Handshake (27796851787) (cropped).jpg,Pedro Marques (politician)
Q22252746,Maria Manuel Leitão Marques,female,1952-08-23,11,,,(Maria Manuel Leitão Marques) Horasis Global Meeting - Grand Opening (cropped).jpg,Maria Manuel Leitão Marques
Q22807807,Rubina Berardo,female,1982-11-11,11,,,,Rubina Berardo
Q2344342,Nuno Crato,male,1952-03-09,11,,,NunoCrato.jpg,Nuno Crato
Q2368982,Susana Amador,female,1967-04-25,11,,,Susana Amador - September 2016 (cropped).jpg,Susana Amador
Q23797153,Constança Urbano de Sousa,female,1967-04-01,11,,,Constança Urbano de Sousa.jpg,Constança Urbano de Sousa
Q23799289,Tiago Brandão Rodrigues,male,1977-06-03,11,,,Web Summit 2017 - Day 1 DG2 2759 (38241612491) (cropped).jpg,Tiago Brandão Rodrigues
Q23800376,João Pedro Matos Fernandes,male,1967-12-12,11,,,"João Pedro Matos Fernandes, Minister of the Environment and Energy Transition, Portugal (33730864708) (cropped).jpg",João Pedro Matos Fernandes
Q23805019,Adalberto Campos Fernandes,male,1958,9,,,HAND SHAKE 2016-10-03 (29792656790) (Adalberto Campos Fernandes).jpg,Adalberto Campos Fernandes
Q23836569,João Gonçalves Pereira,male,1977-05-07,11,,,João Gonçalves Pereira.jpg,
Q23836571,Marcos Perestrello,male,1971-08-23,11,,,,
Q23836573,Teresa Morais,female,1959-07-21,11,,,,Teresa Morais
Q23904964,Ana Paula Vitorino,female,1962-04-25,11,,,Ana Paula Vitorino 2017-08-31.png,Ana Paula Vitorino
Q23904994,André Silva,male,1976-04-02,11,,,"André Silva, PAN.jpg",André Lourenço e Silva
Q23905015,Joana Mortágua,female,1986-06-24,11,,,"Comício Almada, jan.2022 (51847537306) (cropped).jpg",Joana Mortágua
Q23905333,Manuel Heitor,male,1958-09-21,11,,,Manuel Heitor NanoPT2016.jpeg,Manuel Heitor
Q23905364,Jorge Nogueiro Gomes,male,1951-10-28,11,,,,Jorge Gomes (politician)
Q239248,Pedro Santana Lopes,male,1956-06-29,11,,,Pedro Santana Lopes.jpg,Pedro Santana Lopes
Q24035061,Jorge Simões,male,1953-12-07,11,,,,
Q24956077,António Nazaré Pereira,male,1953-12-17,11,,,,
Q25336913,Catarina Sarmento e Castro,female,1970-05-16,11,,,"Catarina Sarmento e Castro, proposta de lei metadados 2022 (cropped).png",Catarina Sarmento e Castro
Q25421864,João Vasconcelos,male,1956-03-08,11,,,,
Q25421866,Carlos Matias,male,1951-09-06,11,,,,
Q25421892,Moisés Ferreira,male,1985-12-25,11,,,"Moisés Ferreira, Bloco de Esquerda.png",
Q25431044,Luísa Salgueiro,female,1968-01-02,11,,,Luísa Salgueiro.png,Luísa Salgueiro
Q25440529,Alexandra Leitão,female,1973-04-08,11,,,,Alexandra Leitão
Q2571494,Carlos César,male,1956-10-30,11,,,Barack Obama and Carlos Cesar.jpg,Carlos César
Q260092,Inês de Medeiros,female,1968-04-15,11,,,Inês de Medeiros na Apresentação do Folio Festival 2017 - 2017-06-09.png,Inês de Medeiros
Q275677,Maria de Lurdes Rodrigues,female,1956-03-19,11,,,Maria Lurdes Rodrigues na Exponor.JPG,Maria de Lurdes Rodrigues
Q27836017,Luís Vales,male,1979-08-23,11,,,Luís vales.jpg,
Q28033716,João de Vallera,male,1950-06-01,11,,,João de Vallera.png,João de Vallera
Q2831797,Alberto Martins,male,1945-04-25,11,,,,Alberto Martins
Q2844986,Ana Gomes,female,1954-02-09,11,,,Ana Gomes.jpg,Ana Gomes
Q28555817,António Filipe da Providência Santarém Anacoreta Correia,male,1972-09-23,11,,,Filipe Anacoreta Correia 2.jpg,
Q2857763,António Serrano,male,1965-01-16,11,,,,
Q2857765,António Victor Martins Monteiro,male,1944-01-22,11,,,Embaixador António Monteiro (XII Competição Nacional SUP).png,António Monteiro (politician)
Q2868303,Maria da Assunção Esteves,female,1956-10-15,11,,,Assunção Esteves (18272649550) (cropped).jpg,Maria da Assunção Esteves
Q28870177,Luis Monteiro,male,1993-01-29,11,,,Luís Monteiro.jpg,
Q28973799,Mariana Vieira da Silva,female,1978-05-08,11,,,"Mariana Vieira da Silva (Assim é Portugal), cropped.png",Mariana Vieira da Silva
Q28973800,Catarina Marcelino,female,1971-01-25,11,,,,Catarina Marcelino
Q28973801,Margarida Marques,female,1954-03-02,11,,,HAND SHAKE 2016-09-02 (28782106053) (cropped) - Margarida Marques.jpg,Margarida Marques
Q2913325,Pedro Mota Soares,male,1974-05-29,11,,,"Luis Pedro Mota Soares, Former Minister of Social Affairs, Portugal (27892180960).jpg",Pedro Mota Soares
Q3018178,David Justino,male,1953-01-29,11,,,,
Q3038797,Teresa Caeiro,female,1969-02-14,11,,,,Teresa Caeiro
Q3062583,Francisco Lopes,male,1955-08-29,11,,,,Francisco Lopes
Q3069519,Fernando Nobre,male,1951-12-16,11,,,Fernando Nobre 02.jpg,Fernando Nobre
Q3075716,Paula Teixeira da Cruz,female,1960-06-01,11,,,Paula Teixeira da Cruz (politician).png,Paula Teixeira da Cruz
Q3081884,Francisco Madeira Lopes,male,1975-01-02,11,,,,
Q30930777,Graça Fonseca,female,1971-08-13,11,,,"Graça Fonseca (Sessão de Evocação do Centenário de Amália Rodrigues, no Panteão Nacional), cropped.png",Graça Fonseca
Q30932423,Inês Teotónio Pereira,female,1971-12-14,11,,,,
Q30934473,António Carlos Monteiro,male,1968-05-31,11,,,,
Q30934717,Álvaro Castelo Branco,male,1961-04-16,11,,,,
Q30934722,Vânia Dias da Silva,female,1977-07-12,11,,,,
Q30934734,Isabel Galriça Neto,female,1961-07-10,11,,,,Isabel Galriça Neto
Q30934986,Clara Marques Mendes,female,1970-04-30,11,,,,Clara Marques Mendes
Q30934991,Teresa Leal Coelho,female,1961-03-29,11,,,Teresa Leal Coelho (cropped).jpg,Teresa Leal Coelho
Q30934999,Helena Lopes da Costa,female,1953-04-06,11,,,,
Q311440,António Guterres,male,1949-04-30,11,,,"António Guterres, 9th Secretary-General of the United Nations.jpg",António Guterres
Q3119570,Guilherme d'Oliveira Martins,male,1952-09-23,11,,,Guilherme d'Oliveira Martins.jpg,Guilherme d'Oliveira Martins
Q3129652,Helena André,female,1960-10-29,11,,,,Helena André
Q3131021,Miguel Macedo,male,1959-05-06,11,,,Miguel Macedo político português.png,Miguel Macedo
Q3154816,Isabel Alçada,female,1950-05-29,11,,,Seminário Nacional Mais Sucesso - Tipologia Fénix no ISCTE - IUL 0023.jpg,Isabel Alçada
Q318379,Abel Baptista,male,1963-10-13,11,,,,
Q3183843,Jorge Lacão,male,1954-09-04,11,,,Jorge Lacão.jpg,
Q3186389,José Luís Arnaut,male,1963-03-04,11,,,José Luís Arnaut.jpg,
Q3286873,Manuel Lobo Antunes,male,1958-06-27,11,,,Manuel Lobo Antunes.png,Manuel Lobo Antunes
Q3312940,Miguel Arrobas,male,1974-09-30,11,,,,Miguel Arrobas
Q3321239,Jamila Madeira,female,1975-07-17,11,,,,Jamila Madeira
Q3496740,Luis Manuel Capoulas Santos,male,1951-08-22,11,,,Luís Capoulas Santos em Óbidos 2016-11-26 (cropped).png,Luís Capoulas Santos
Q3556927,Vicente Jorge Silva,male,1945-11-08,11,2020-09-08,11,,
Q364934,Alberto Costa,male,1947-08-16,11,,,,Alberto Costa (Portuguese politician)
Q367910,Mariano Gago,male,1948-05-16,11,2015-04-17,11,José Mariano Gago signing ESO treaty.jpg,Mariano Gago
Q37830591,Inês Lamego,female,1986-09-29,11,,,,
Q3826383,Elisabete Matos,female,1964-09-06,11,,,"Elisabete Matos (Cantar em Tempos de Covid, TNSC), cropped.png",Elisabete Matos
Q41842117,Helena Freitas,female,1962-09-24,11,,,,
Q42297127,João Torres,male,1986-04-24,11,,,João Torres.png,João Torres
Q42305316,Pedro Siza Vieira,male,1964-07-14,11,,,20 06 2018 - Pedro Siza Vieira.jpg,Pedro Siza Vieira
Q42851646,Hugo Soares,male,1983-03-02,11,,,Hugo Soares.jpg,Hugo Soares
Q43376217,Isabel Santos,female,1968-02-12,11,,,"Isabel Santos (MP, Portugal), Chair of the OSCE PA's human rights committee, Copenhagen, 27 April 2015 (cropped bis).jpg",Isabel Santos
Q43422874,Ricardo Mourinho Félix,male,1974-07-22,11,,,"Ricardo Mourinho Félix, Informal ECOFIN, 2016-09-10.jpg",
Q438868,Diogo de Freitas do Amaral,male,1941-07-21,11,2019-10-03,11,"Freitas do Amaral, XV Cimeira Ibero-Americana - Salamanca, Espanha.jpg",Diogo Freitas do Amaral
Q439377,Assunção Cristas,female,1974-09-28,11,,,AssunçãoCristas.png,Assunção Cristas
Q444059,Manuela Ferreira Leite,female,1940-12-03,11,,,Manuela Ferreira Leite.jpg,Manuela Ferreira Leite
Q4720890,Alexandre Quintanilha,male,1945-08-09,11,,,"Alexandre Quintanilha, 2015.png",Alexandre Quintanilha
Q472589,Jaime Gama,male,1947-06-08,11,,,Jaime Gama (Brasilia 2008).jpg,Jaime Gama
Q47539817,Carlos Pereira,male,1969-08-30,11,,,,
Q47539921,João Oliveira,male,1979-07-09,11,,,,
Q482868,Ana Jorge,female,1949-09-23,11,,,Ana Jorge - EMCDDA 26 June 2010.png,Ana Jorge
Q48878221,Nuno Encarnação,male,1972-12-24,11,,,,
Q505685,Sérgio Marques,male,1957-02-25,11,,,Sérgio Marques.JPG,Sérgio Marques
Q52112309,Ana Mendes Godinho,female,1972-06-29,11,,,Sustainable Growth tourism that benefits everyone (39757095370) (cropped).jpg,Ana Mendes Godinho
Q52161254,Margarida Balseiro Lopes,female,1989-09-24,11,,,,Margarida Balseiro Lopes
Q524996,Carlos Costa,male,1949-11-03,11,,,"Carlos Costa, Governor, Banco de Portugal.JPG",Carlos da Silva Costa
Q5279222,Diogo Vasconcelos,male,1968-05-16,11,2011-07-08,11,Diogo Vasconcelos.jpg,Diogo Vasconcelos
Q529992,Vítor Constâncio,male,1943-10-12,11,,,Vítor Constancio at Chatham House.jpg,Vítor Constâncio
Q5361358,Elisa Ferreira,female,1955-10-17,11,,,"Hearings with Elisa Ferreira PT, candidate commissioner for cohesion and reforms EU (48832802368) (cropped).jpg",Elisa Ferreira
Q5444915,Fernando Rosas,male,1946-04-18,11,,,"Fernando Rosas, 2014 (quadrado).png",Fernando Rosas
Q5482965,Francisca Van Dunem,female,1955-11-05,11,,,TOUR DE TABLE 2016-07-08 Informal Meeting of Justice Ministers (27553458143) (cropped).jpg,Francisca Van Dunem
Q550243,Luís Marques Mendes,male,1957-09-05,11,,,EPP Summit 21 June 2007 - European People's Party (cropped).png,Luís Marques Mendes
Q55168313,Salvador Massano Cardoso,male,1951-01-11,11,,,,
Q56349036,António Ventura,male,1968-03-11,11,,,,
Q56349037,Lara Martinho,female,1978-11-06,11,,,,Lara Martinho
Q56349040,Lília Ana Águas,female,1977-05-19,11,,,,
Q56349046,Rosa Dart,female,1975-12-09,11,,,Rosa Dart.jpg,
Q56349485,Vitor Ramalho,male,1948-07-21,11,,,Vitor Ramalho.jpg,
Q56349810,Maria Manuel Rola,female,1984-06-26,11,,,Maria Manuel Rola (Interior Do Avesso).png,
Q57339530,Marta Temido,female,1974-03-02,11,,,2021 - HealthConf DG4 4259 (51652310341) (cropped).jpg,Marta Temido
Q57343622,João Gomes Cravinho,male,1964-06-16,11,,,05 04 2018 - João Gomes Cravinho.jpg,João Gomes Cravinho
Q57398,Aníbal Cavaco Silva,male,1939-07-15,11,,,Анибал Каваку Силва 01 (13-06-2013) (cropped).jpg,Aníbal Cavaco Silva
Q57615,Pedro Passos Coelho,male,1964-07-24,11,,,Pedro Passos Coelho 1.jpg,Pedro Passos Coelho
Q58161,Paulo Portas,male,1962-09-12,11,,,Paulo Portas in 23º Congress of CDS-PP 5.jpg,Paulo Portas
Q58219921,Bravo Nico,male,1964-09-11,11,,,,
Q586749,Fernando Teixeira dos Santos,male,1951-09-13,11,,,Teixeira dos Santos-2.jpg,Fernando Teixeira dos Santos
Q58839704,Ivan Gonçalves,male,1987-06-03,11,,,Ivan Gonçalves.jpg,
Q58839951,António Manuel Leitão Borges,male,1955-07-20,11,,,,
Q607679,Regina Bastos,female,1960-11-04,11,,,Regina Bastos 2016-03-08.png,Regina Bastos
Q61000054,João Sobrinho Teixeira,male,1961-12-21,11,,,,
Q610788,António Costa,male,1961-07-17,11,,,António Costa img 6536.jpg,António Costa
Q611579,António de Almeida Santos,male,1926-02-15,11,2016-01-18,11,Almeida Santos.png,António de Almeida Santos
Q61195608,Pedro Bacelar de Vasconcelos,male,1951-12-04,11,,,,
Q612666,Catarina Martins,female,1973-09-07,11,,,"Catarina Martins, SomosBibliotecas (cropped2).png",Catarina Martins
Q61906426,Carlos Guimarães Pinto,male,1983-08-21,11,,,,Carlos Guimarães Pinto
Q6205661,Joana Amaral Dias,female,1975-01-01,11,,,Joana Amaral Dias na VI Convenção Nacional do Bloco de Esquerda (cropped).jpg,Joana Amaral Dias
Q65161985,Luís António Pita Ameixa,male,1960-10-13,11,,,,
Q65174877,Tiago Moreira de Sá,male,1971-01-12,11,,,Tms3.png,
Q6526652,Leonor Beleza,female,1948-11-23,11,,,Portuguese politician.jpg,Leonor Beleza
Q65498238,Luis Campos Ferreira,male,1961-11-26,11,,,,
Q65498261,Maria Manuela de Melo,female,1945-03-26,11,,,,
Q65498266,Ana Catarina Mendes,female,1973-01-14,11,,,"Catarina Mendes, Festa de Natal do PS Montalegre de 2015.png",Ana Catarina Mendes
Q65498268,Abílio Dias Fernandes,male,1938-02-22,11,,,,
Q65498301,Maximiano Martins,male,1949-10-30,11,,,,
Q65498603,Jorge Machado,male,1976-05-20,11,,,,
Q65499182,Luisa Roseira,female,1973-09-03,11,,,,
Q65499184,Paulo Pisco,male,1961-08-22,11,,,,
Q65499241,Carlos Alberto Gonçalves,male,1961-10-20,11,,,,
Q65499243,Joana Barata Lopes,female,1985-03-16,11,,,,
Q65499244,Manuel Meirinho,male,1963-11-08,11,,,,
Q65499246,Luís Leite Ramos,male,1961-10-29,11,,,,
Q65499616,Adão Silva,male,1957-10-01,11,,,"Adão Silva em Budapeste, 18 de Março de 2014.jpg",
Q65499619,Sérgio Azevedo,male,1981-10-30,11,,,,
Q65499870,Wanda Guimarães,female,1944-07-09,11,,,,
Q655391,João Semedo,male,1951-06-20,11,2018-07-17,11,João m Semedo.jpg,João Semedo
Q65554033,Berta Nunes,female,1955-10-25,11,,,BertaNunes SECP.jpg,Berta Nunes
Q66688384,Sara Madruga da Costa,female,1978-09-15,11,,,,Sara Madruga da Costa
Q66688631,Luís Vilhena,male,1963-07-07,11,,,,
Q66688848,Paulino Ascenção,male,1972-06-22,11,,,,
Q66690133,Carlos Silva e Sousa,male,1957-04-13,11,2018-02-22,11,,
Q66713687,Paulo Neves,male,1967-07-09,11,,,,
Q66713877,Ernesto Ferraz,male,1974-06-13,11,,,,
Q66728274,Luís Miguel França,male,1971-01-30,11,2015-10-06,11,,
Q66741724,Vânia Jesus,female,1979-01-17,11,,,,Vânia Jesus
Q66741757,Rui Caetano,male,1967-01-19,11,,,,
Q6756617,Marcelo Rebelo de Sousa,male,1948-12-12,11,,,Marcelo Rebelo de Sousa em fevereiro de 2018.jpg,Marcelo Rebelo de Sousa
Q6761173,Maria Elisa,female,1950-06-04,11,,,,Maria Elisa
Q6761683,Maria de Belém Roseira,female,1949-07-28,11,,,Maria de Belém Roseira.jpg,Maria de Belém Roseira
Q6761703,Maria do Carmo Seabra,female,1955-01-27,11,,,,Maria do Carmo Seabra
Q678353,Armando França,male,1949-10-22,11,,,,
Q6834299,Michael Seufert,male,1983-04-15,11,,,Michael Seufert.jpg,Michael Seufert
Q6844839,Miguel Vale de Almeida,male,1960-08-21,11,,,Miguel Vale de Almeida in San Francisco.jpg,Miguel Vale de Almeida
Q69916868,Joacine Katar Moreira,female,1982-07-27,11,,,NINJA EuroTour • Lisboa (PT) • 08 12 a 13 12 2021 (52028742492) (cropped).jpg,Joacine Katar Moreira
Q69935603,André Ventura,male,1983-01-15,11,,,André Ventura rentree.png,André Ventura
Q70385445,Nilza de Sena,female,1976-11-21,11,,,"Nilza de Sena at OSCE PA Autumn Meeting, Marrakech, 5 Oct. 2019 (48848472881) (cropped).jpg",Nilza de Sena
Q7155277,Paulo Pedroso,male,1965-04-28,11,,,"Vital Moreira, acompanhado de Edite Estrela e Paulo Pedroso.jpg",Paulo Pedroso
Q72310730,João Cotrim de Figueiredo,male,1961-06-24,11,,,"João Cotrim de Figueiredo (Forum Alpha 2015), cropped.png",João Cotrim de Figueiredo
Q72311719,Beatriz Gomes Dias,female,1971-03-26,11,,,"Beatriz Gomes Dias (Comício Lisboa, Capitólio, Set.2021).jpg",Beatriz Gomes Dias
Q72312285,Romualda Fernandes,female,1954-09-10,11,,,,Romualda Fernandes
Q72410716,Maria do Céu Antunes,female,1970-07-10,11,,,,Maria do Céu Antunes
Q72426658,Ana Abrunhosa,female,1970-07-04,11,,,"Ana Abrunhosa (Sessão Solene do Feriado Municipal de Óbidos, 2020-01-11), cropped.png",Ana Abrunhosa
Q72618895,Maria Begonha,female,1989-01-21,11,,,,Maria Begonha
Q72902300,António Lacerda Sales,male,1962-06-03,11,,,,
Q729402,Rui Pereira,male,1956-03-24,11,,,,Rui Pereira (politician)
Q72988063,Nuno Carvalho,male,1982-05-30,11,,,,
Q73104708,Rui Barreto,male,1976-09-16,11,,,,
Q7322552,Ricardo Baptista Leite,male,1980-05-31,11,,,"Leite, Médico Ricardo Baptista.jpg",Ricardo Baptista Leite
Q7378729,Rui Rio,male,1957-08-06,11,,,"EPP Summit, 22 March 2018 (27083908678) (cropped, Rui Rio).jpg",Rui Rio
Q74256324,José Luís Carneiro,male,1971-10-04,11,,,José Luís Carneiro.png,José Luís Carneiro
Q745134,Mota Amaral,male,1943-04-15,11,,,Helder Antunes e João Bosco Mota Amaral (cropped).jpg,João Bosco Mota Amaral
Q7666117,Sérgio Sousa Pinto,male,1972-07-29,11,,,,Sérgio Sousa Pinto
Q7689030,Tavares Moreira,male,1944-10-10,11,2020-06-08,11,,Tavares Moreira
Q769747,Augusto Santos Silva,male,1956-08-20,11,,,2019 05 31 Augusto Santos Silva.jpg,Augusto Santos Silva
Q7702196,Teresa Patrício Gouveia,female,1946-07-18,11,,,Teresa Gouveia na Exponor.JPG,Teresa Patrício de Gouveia
Q784504,Alberto João Jardim,male,1943-02-04,11,,,Alberto João Jardim e Irineu Barreto (cropped).jpg,Alberto João Jardim
Q83250122,Ana Rita Bessa,female,1973-08-27,11,,,,
Q84171272,Inês Sousa Real,female,1980-06-06,11,,,Inês Sousa Real.jpg,Inês Sousa Real
Q85179710,Olavo Câmara,male,1990-03-01,11,,,,
Q85180684,Marta Freitas,female,1980-09-27,11,,,,Marta Freitas (politician)
Q85569209,Joana Ferreira Lima,female,1963-11-18,11,,,,Joana Ferreira Lima
Q85872071,Francisco Vale César,male,1978-11-11,11,,,Francisco cesar 01.jpg,
Q85875924,Nelson de Souza,male,1954-12-11,11,,,,
Q85893814,João Ataíde das Neves,male,1958-05-03,11,2020-02-21,11,,
Q9144666,Alda Sousa,female,1953-08-04,11,,,Alda Sousa (19086473748) (cropped).jpg,
Q9160754,Artur Rêgo,male,1958-04-24,11,,,,
Q9169371,Bernardino Soares,male,1971-09-15,11,,,Bernardino Soares.jpg,
Q9180431,Bruno Dias,male,1976-10-19,11,,,,
Q9184746,Carlos da Costa Neves,male,1954-06-16,11,,,,
Q9185480,Cecília Felgueiras de Meireles Graça,female,1977-05-29,11,,,,Cecília Meireles (politician)
Q91941448,Fernando Andresen Guimarães,male,1941-11-13,11,,,,
Q9207629,Diogo Feio,male,1970-10-06,11,,,"Feio, Diogo-1526.jpg",
Q920869,Nuno Severiano Teixeira,male,1957-11-05,11,,,Nuno Severiano Teixeira 070608-D-9880W-007.jpg,Nuno Severiano Teixeira
Q9212694,Duarte Marques,male,1981-05-09,11,,,"Duarte Marques, Congresso do PPE em Bona, 2009.jpg",Duarte Marques
Q925136,Eduardo Ferro Rodrigues,male,1949-11-03,11,,,"Eduardo Ferro Rodrigues smiling at handshaking, Bratislava Informal Parliamentary Summit 2016-10-07.jpg",Eduardo Ferro Rodrigues
Q9259658,Filipe Lobo d'Ávila,male,1975-01-18,11,,,,
Q9295595,Hélder Amaral,male,1967-06-08,11,,,HelderAmaral.png,
Q9310612,Rita Rato,female,1983-01-05,11,,,Rita Rato.jpg,Rita Rato
Q938490,Henrique Chaves,male,1951-04-16,11,,,,
Q9619130,António Francisco Ventura Pina,male,1945-09-06,11,,,,
Q96200181,João Leão,male,1974-02-15,11,,,"João Leão (Principais acontecimentos que marcaram o ano 2020, Agência Lusa).png",João Leão
Q9620073,António Ribeiro Cristóvão,male,1939-07-07,11,,,,
Q96240434,Rosa Albernaz,female,1947-09-04,11,,,,Rosa Albernaz
Q96851255,António Nunes Santana Carlos,male,1945-03-20,11,,,,
Q9697231,Carlos Moedas,male,1970-08-10,11,,,EPP Talks (35182247475) (cropped).jpg,Carlos Moedas
Q97170467,António Costa Silva,male,1952,9,,,António Costa e Silva (Conferência Visão Estratégica para Portugal - A Internacionalização da Economia Portuguesa e a Ásia).png,António Costa Silva
Q97585619,Nuno Freitas,male,1971-06-22,11,,,,
Q98418954,António Topa,male,1954-09-02,11,2021-10-31,11,António Topa.png,António Topa
Q993533,Isaltino Morais,male,1949-12-29,11,,,,
Q99934824,João Miguel Nicolau,male,1988-08-04,11,,,Joao Nicolau Deputado PS.jpg,
