catalog,position,person,personID,start,end,gender,DOB,DOD,image,enwiki
Portugal,Member of the Assembly of the Republic,Luís Pedro Pimentel,Q101064937,1999-10-25,2002-04-04,male,1970-04-16,2020-06-06,,
Portugal,Member of the Assembly of the Republic,Daniel Campelo,Q10263926,1999-10-25,2002-04-04,male,1960,,,
Portugal,Member of the Assembly of the Republic,Eduardo Azevedo Soares,Q10270621,1999-10-25,2002-04-04,male,1941-01-23,2010-12-29,,
Portugal,Member of the Assembly of the Republic,Fernando Seara,Q10281523,1999-10-25,2002-04-04,male,1956-04-01,,,
Portugal,Member of the Assembly of the Republic,Honório Novo,Q10298152,1999-10-25,2002-04-04,male,1950-10-24,,,Honório Novo
Portugal,Member of the Assembly of the Republic,Jorge Neto,Q10308196,1999-10-25,2002-04-04,male,1957-01-03,,,
Portugal,Member of the Assembly of the Republic,José Eduardo Martins,Q10309299,1999-10-25,2002-04-04,male,1969-12-09,,,José Eduardo Martins (politician)
Portugal,Member of the Assembly of the Republic,José Luís Ferreira,Q10309832,1999-10-25,2002-04-04,male,1962-08-27,,,
Portugal,Member of the Assembly of the Republic,Luiz Fagundes Duarte,Q10320716,1999-10-25,2002-04-04,male,1954-10-06,,,
Portugal,Member of the Assembly of the Republic,Luís Fazenda,Q10321414,1999-10-25,2002-04-04,male,1957-10-08,,Deputados do Bloco de Esquerda (16) (4027352494).jpg,
Portugal,Member of the Assembly of the Republic,Maria Amélia Santos,Q10325702,1999-10-25,2002-04-04,female,1952-08-25,,,Maria Amélia Santos
Portugal,Member of the Assembly of the Republic,Mário Patinha Antão,Q10334505,1999-10-25,2002-04-04,male,1945-06-26,,,
Portugal,Member of the Assembly of the Republic,Nuno Melo,Q10338219,1999-10-25,2002-04-04,male,1966-03-18,,"Nuno Melo MEP, Strasbourg - Diliff.jpg",Nuno Melo (politician)
Portugal,Member of the Assembly of the Republic,Pedro Duarte,Q10347430,1999-10-25,2002-04-04,male,1973-07-12,,,
Portugal,Member of the Assembly of the Republic,Pedro da Vinha Costa,Q10347837,1999-10-25,2002-04-04,male,1960-10-15,,,
Portugal,Member of the Assembly of the Republic,Raúl Miguel Rosado Fernandes,Q10357753,1999-10-25,2002-04-04,male,1934-07-11,2018-05-13,,
Portugal,Member of the Assembly of the Republic,Ricardo Fonseca Almeida,Q10361131,1999-10-25,2002-04-04,male,1974-03-27,,,
Portugal,Member of the Assembly of the Republic,António Dias Baptista,Q106075020,1999-10-25,2002-04-04,male,1958-01-30,2021-03-13,,
Portugal,Member of the Assembly of the Republic,José Miguel Noras,Q106225870,1999-10-25,2002-04-04,male,1956-02-01,,,
Portugal,Member of the Assembly of the Republic,José Lamego,Q106363522,1999-10-25,2002-04-04,male,1953-01-05,,,
Portugal,Member of the Assembly of the Republic,Duarte Pacheco,Q106991775,1999-10-25,2002-04-04,male,1965-11-25,,,
Portugal,Member of the Assembly of the Republic,Maria Antónia de Almeida Santos,Q107122950,1999-10-25,2002-04-04,female,1962-02-14,,,Maria Antónia Almeida Santos
Portugal,Member of the Assembly of the Republic,Pedro Alves,Q107145323,1999-10-25,2002-04-04,male,1972-12-30,,,
Portugal,Member of the Assembly of the Republic,Santinho Pacheco,Q107193833,1999-10-25,2002-04-04,male,1951-09-01,,,
Portugal,Member of the Assembly of the Republic,Manuel Maria Carrilho,Q13582493,1999-10-25,2002-04-04,male,1951-07-09,,,Manuel Maria Carrilho
Portugal,Member of the Assembly of the Republic,Francisco Louçã,Q1442096,1999-10-25,2002-04-04,male,1956,,Francisco Louçã na VI Convenção Nacional do Bloco de Esquerda 01 cropped.jpg,Francisco Louçã
Portugal,Member of the Assembly of the Republic,António Pires de Lima,Q16336748,1999-10-25,2002-04-04,male,1962-04-07,,António Pires de Lima 2014 (cropped).png,António Pires de Lima
Portugal,Member of the Assembly of the Republic,Celeste Cardona,Q16337119,1999-10-25,2002-04-04,female,1951-06-30,,,Celeste Cardona
Portugal,Member of the Assembly of the Republic,Altino Bessa,Q16489067,1999-10-25,2002-04-04,male,1969-08-02,,,
Portugal,Member of the Assembly of the Republic,Telmo Correia,Q16940875,1999-10-25,2002-04-04,male,1960-02-04,,,
Portugal,Member of the Assembly of the Republic,Natália Carrascalão Antunes,Q17124888,1999-10-25,2002-04-04,female,1952-12-24,,2020-01-28 Natália Carrascalão Antunes 1.jpg,
Portugal,Member of the Assembly of the Republic,Fernando Moniz,Q17420808,1999-10-25,2002-04-04,male,1953-07-29,,,
Portugal,Member of the Assembly of the Republic,Helena Neves,Q17496463,1999-10-25,2002-04-04,female,1945-06-17,,,Helena Neves
Portugal,Member of the Assembly of the Republic,Isabel Pires de Lima,Q180801,1999-10-25,2002-04-04,female,1952-07-10,,,
Portugal,Member of the Assembly of the Republic,António Nazaré Pereira,Q24956077,1999-10-25,2002-04-04,male,1953-12-17,,,
Portugal,Member of the Assembly of the Republic,Pedro Mota Soares,Q2913325,1999-10-25,2002-04-04,male,1974-05-29,,"Luis Pedro Mota Soares, Former Minister of Social Affairs, Portugal (27892180960).jpg",Pedro Mota Soares
Portugal,Member of the Assembly of the Republic,David Justino,Q3018178,1999-10-25,2002-04-04,male,1953-01-29,,,
Portugal,Member of the Assembly of the Republic,Álvaro Castelo Branco,Q30934717,1999-10-25,2002-04-04,male,1961-04-16,,,
Portugal,Member of the Assembly of the Republic,Jorge Lacão,Q3183843,1999-10-25,2002-04-04,male,1954-09-04,,Jorge Lacão.jpg,
Portugal,Member of the Assembly of the Republic,José Luís Arnaut,Q3186389,1999-10-25,2002-04-04,male,1963-03-04,,José Luís Arnaut.jpg,
Portugal,Member of the Assembly of the Republic,Jamila Madeira,Q3321239,1999-10-25,2002-04-04,female,1975-07-17,,,Jamila Madeira
Portugal,Member of the Assembly of the Republic,Manuela Ferreira Leite,Q444059,1999-10-25,2002-04-04,female,1940-12-03,,Manuela Ferreira Leite.jpg,Manuela Ferreira Leite
Portugal,Member of the Assembly of the Republic,Fernando Rosas,Q5444915,1999-10-25,2002-04-04,male,1946-04-18,,"Fernando Rosas, 2014 (quadrado).png",Fernando Rosas
Portugal,Member of the Assembly of the Republic,Vitor Ramalho,Q56349485,1999-10-25,2002-04-04,male,1948-07-21,,Vitor Ramalho.jpg,
Portugal,Member of the Assembly of the Republic,Paulo Pisco,Q65499184,1999-10-25,2002-04-04,male,1961-08-22,,,
Portugal,Member of the Assembly of the Republic,Adão Silva,Q65499616,1999-10-25,2002-04-04,male,1957-10-01,,"Adão Silva em Budapeste, 18 de Março de 2014.jpg",
Portugal,Member of the Assembly of the Republic,Maria de Belém Roseira,Q6761683,1999-10-25,2002-04-04,female,1949-07-28,,Maria de Belém Roseira.jpg,Maria de Belém Roseira
Portugal,Member of the Assembly of the Republic,Paulo Pedroso,Q7155277,1999-10-25,2002-04-04,male,1965-04-28,,"Vital Moreira, acompanhado de Edite Estrela e Paulo Pedroso.jpg",Paulo Pedroso
Portugal,Member of the Assembly of the Republic,Rui Rio,Q7378729,1999-10-25,2002-04-04,male,1957-08-06,,"EPP Summit, 22 March 2018 (27083908678) (cropped, Rui Rio).jpg",Rui Rio
Portugal,Member of the Assembly of the Republic,Bernardino Soares,Q9169371,1999-10-25,2002-04-04,male,1971-09-15,,Bernardino Soares.jpg,
Portugal,Member of the Assembly of the Republic,Bruno Dias,Q9180431,1999-10-25,2002-04-04,male,1976-10-19,,,
Portugal,Member of the Assembly of the Republic,Eduardo Ferro Rodrigues,Q925136,1999-10-25,2002-04-04,male,1949-11-03,,"Eduardo Ferro Rodrigues smiling at handshaking, Bratislava Informal Parliamentary Summit 2016-10-07.jpg",Eduardo Ferro Rodrigues
Portugal,Member of the Assembly of the Republic,Henrique Chaves,Q938490,1999-10-25,2002-04-04,male,1951-04-16,,,
Portugal,Member of the Assembly of the Republic,Rosa Albernaz,Q96240434,1999-10-25,2002-04-04,female,1947-09-04,,,Rosa Albernaz
Portugal,Member of the Assembly of the Republic,Nuno Freitas,Q97585619,1999-10-25,2002-01-15,male,1971-06-22,,,
Portugal,Member of the Assembly of the Republic,Pedro Silva Pereira,Q2066785,2002-04-04,2005-03-09,male,1962-08-15,,"Pedro Silva Pereira, Festa de Natal do PS Montalegre de 2015.png",Pedro Silva Pereira
Portugal,Member of the Assembly of the Republic,Fernando Negrão,Q10281462,2002-04-05,2005-03-09,male,1955-11-29,,Fernando Negrão PSD.png,Fernando Negrão
Portugal,Member of the Assembly of the Republic,Jorge Neto,Q10308196,2002-04-05,2005-03-09,male,1957-01-03,,,
Portugal,Member of the Assembly of the Republic,Luís Fazenda,Q10321414,2002-04-05,2005-03-09,male,1957-10-08,,Deputados do Bloco de Esquerda (16) (4027352494).jpg,
Portugal,Member of the Assembly of the Republic,Maria Amélia Santos,Q10325702,2002-04-05,2005-03-09,female,1952-08-25,,,Maria Amélia Santos
Portugal,Member of the Assembly of the Republic,Miguel Frasquilho,Q10329776,2002-04-05,2005-03-09,male,1965-11-12,,Miguel Frasquilho 09.jpg,Miguel Frasquilho
Portugal,Member of the Assembly of the Republic,Nuno Morais Sarmento,Q10338225,2002-04-05,2005-03-09,male,1961-01-31,,,
Portugal,Member of the Assembly of the Republic,Pedro Duarte,Q10347430,2002-04-05,2005-03-09,male,1973-07-12,,,
Portugal,Member of the Assembly of the Republic,Vitalino Canas,Q10392072,2002-04-05,2005-03-09,male,1959-07-14,,"Vitalino Canas, Seminário Internacional de Direito Administrativo e de Administração Pública, 2017 (cropped).jpg",Vitalino Canas
Portugal,Member of the Assembly of the Republic,Vítor Cabrita Neto,Q105810842,2002-04-05,2005-03-09,male,1943-07-18,,,
Portugal,Member of the Assembly of the Republic,José Miguel Noras,Q106225870,2002-04-05,2005-03-09,male,1956-02-01,,,
Portugal,Member of the Assembly of the Republic,Ascenso Simões,Q106963658,2002-04-05,2005-03-09,male,1963-05-03,,,
Portugal,Member of the Assembly of the Republic,Duarte Pacheco,Q106991775,2002-04-05,2005-03-09,male,1965-11-25,,,
Portugal,Member of the Assembly of the Republic,João Moura,Q107065485,2002-04-05,2005-03-09,male,1971-07-08,,,
Portugal,Member of the Assembly of the Republic,Pedro Alves,Q107145323,2002-04-05,2005-03-09,male,1972-12-30,,,
Portugal,Member of the Assembly of the Republic,Pedro Coimbra,Q107155097,2002-04-05,2005-03-09,male,1973-04-01,,,
Portugal,Member of the Assembly of the Republic,Pedro Roque,Q107157754,2002-04-05,2005-03-09,male,1963-01-10,,,
Portugal,Member of the Assembly of the Republic,Victor Cruz,Q107523979,2002-04-05,2005-03-09,male,1963-03-10,,,
Portugal,Member of the Assembly of the Republic,Vitor Cunha,Q108434558,2002-04-05,2005-03-09,male,1951-05-21,2020-03-22,,
Portugal,Member of the Assembly of the Republic,João Gago Horta,Q111835474,2002-04-05,2005-03-09,male,1943-11-11,2022,,João Gago Horta
Portugal,Member of the Assembly of the Republic,Luís Montenegro,Q11764394,2002-04-05,2005-03-09,male,1973-02-16,,Luís Montenegro 2016-01-14.png,Luís Montenegro
Portugal,Member of the Assembly of the Republic,Marco António Costa,Q11767932,2002-04-05,2005-03-09,male,1967-05-18,,,
Portugal,Member of the Assembly of the Republic,Francisco Louçã,Q1442096,2002-04-05,2005-03-09,male,1956,,Francisco Louçã na VI Convenção Nacional do Bloco de Esquerda 01 cropped.jpg,Francisco Louçã
Portugal,Member of the Assembly of the Republic,Ana Drago,Q1518240,2002-04-05,2005-03-09,female,1975,,Deputados do Bloco de Esquerda (16) (4026598639).jpg,Ana Drago
Portugal,Member of the Assembly of the Republic,António José Seguro,Q1580316,2002-04-05,2005-03-09,male,1962-03-11,,"António José Seguro, Europeias 2014 (cropped).png",António José Seguro
Portugal,Member of the Assembly of the Republic,Almeida Henriques,Q16336402,2002-04-05,2005-03-09,male,1961-05-05,2021-04-04,,António Almeida Henriques
Portugal,Member of the Assembly of the Republic,Celeste Cardona,Q16337119,2002-04-05,2002-04-06,female,1951-06-30,,,Celeste Cardona
Portugal,Member of the Assembly of the Republic,João Pinho de Almeida,Q16337640,2002-04-05,2005-03-09,male,1976-09-11,,,
Portugal,Member of the Assembly of the Republic,Jerónimo de Sousa,Q1688029,2002-04-05,2005-03-10,male,1947-04-13,,1º DE MAIO JERÓNIMO DE SOUSA (33584564293).jpg,Jerónimo de Sousa
Portugal,Member of the Assembly of the Republic,José António Vieira da Silva,Q1709692,2002-04-05,2005-03-09,male,1953-02-14,,"Informal meeting of ministers for employment, social affairs, family and gender equality (iEPSCO). Arrivals José António Vieira da Silva (35887305831).jpg",José António Vieira da Silva
Portugal,Member of the Assembly of the Republic,João Teixeira Lopes,Q17496469,2002-04-05,2005-03-09,male,1969-08-15,,,
Portugal,Member of the Assembly of the Republic,Isabel Pires de Lima,Q180801,2002-04-05,2005-03-09,female,1952-07-10,,,
Portugal,Member of the Assembly of the Republic,José Sócrates,Q182367,2002-04-05,2005-03-09,male,1957-09-06,,Josesocrates09082006.jpg,José Sócrates
Portugal,Member of the Assembly of the Republic,Luís Duque,Q18708029,2002-04-05,2003-09-24,male,1957-10-19,,,
Portugal,Member of the Assembly of the Republic,Eduardo Cabrita,Q21600813,2002-04-05,2005-03-09,male,1961-09-26,,"Eduardo Cabrita, Feira do Fumeiro 2017.png",Eduardo Cabrita
Portugal,Member of the Assembly of the Republic,Teresa Morais,Q23836573,2002-04-05,2005-03-09,female,1959-07-21,,,Teresa Morais
Portugal,Member of the Assembly of the Republic,Maria da Assunção Esteves,Q2868303,2002-04-05,2005-03-09,female,1956-10-15,,Assunção Esteves (18272649550) (cropped).jpg,Maria da Assunção Esteves
Portugal,Member of the Assembly of the Republic,Teresa Caeiro,Q3038797,2002-04-05,2005-03-09,female,1969-02-14,,,Teresa Caeiro
Portugal,Member of the Assembly of the Republic,Francisco Madeira Lopes,Q3081884,2002-04-05,2005-03-09,male,1975-01-02,,,
Portugal,Member of the Assembly of the Republic,Álvaro Castelo Branco,Q30934717,2002-04-05,2005-03-09,male,1961-04-16,,,
Portugal,Member of the Assembly of the Republic,Jorge Lacão,Q3183843,2002-04-05,2005-03-09,male,1954-09-04,,Jorge Lacão.jpg,
Portugal,Member of the Assembly of the Republic,Vicente Jorge Silva,Q3556927,2002-04-05,2005-03-09,male,1945-11-08,2020-09-08,,
Portugal,Member of the Assembly of the Republic,Diogo Vasconcelos,Q5279222,2002-04-05,2005-03-09,male,1968-05-16,2011-07-08,Diogo Vasconcelos.jpg,Diogo Vasconcelos
Portugal,Member of the Assembly of the Republic,Salvador Massano Cardoso,Q55168313,2002-04-05,2005-03-09,male,1951-01-11,,,
Portugal,Member of the Assembly of the Republic,Leonor Beleza,Q6526652,2002-04-05,2005-03-09,female,1948-11-23,,Portuguese politician.jpg,Leonor Beleza
Portugal,Member of the Assembly of the Republic,Luis Campos Ferreira,Q65498238,2002-04-05,2005-03-09,male,1961-11-26,,,
Portugal,Member of the Assembly of the Republic,Maria Manuela de Melo,Q65498261,2002-04-05,2005-03-09,female,1945-03-26,,,
Portugal,Member of the Assembly of the Republic,Maximiano Martins,Q65498301,2002-04-05,2005-03-09,male,1949-10-30,,,
Portugal,Member of the Assembly of the Republic,Carlos Alberto Gonçalves,Q65499241,2002-04-05,2005-03-09,male,1961-10-20,,,
Portugal,Member of the Assembly of the Republic,Adão Silva,Q65499616,2002-04-05,2005-03-09,male,1957-10-01,,"Adão Silva em Budapeste, 18 de Março de 2014.jpg",
Portugal,Member of the Assembly of the Republic,Maria Elisa,Q6761173,2002-04-05,2005-03-09,female,1950-06-04,,,Maria Elisa
Portugal,Member of the Assembly of the Republic,Tavares Moreira,Q7689030,2002-04-05,2005-03-09,male,1944-10-10,2020-06-08,,Tavares Moreira
Portugal,Member of the Assembly of the Republic,Augusto Santos Silva,Q769747,2002-04-05,2005-03-09,male,1956-08-20,,2019 05 31 Augusto Santos Silva.jpg,Augusto Santos Silva
Portugal,Member of the Assembly of the Republic,Bernardino Soares,Q9169371,2002-04-05,2005-03-09,male,1971-09-15,,Bernardino Soares.jpg,
Portugal,Member of the Assembly of the Republic,Diogo Feio,Q9207629,2002-04-05,2005-03-09,male,1970-10-06,,"Feio, Diogo-1526.jpg",
Portugal,Member of the Assembly of the Republic,Eduardo Ferro Rodrigues,Q925136,2002-04-05,2005-03-09,male,1949-11-03,,"Eduardo Ferro Rodrigues smiling at handshaking, Bratislava Informal Parliamentary Summit 2016-10-07.jpg",Eduardo Ferro Rodrigues
Portugal,Member of the Assembly of the Republic,Hélder Amaral,Q9295595,2002-04-05,2005-03-09,male,1967-06-08,,HelderAmaral.png,
Portugal,Member of the Assembly of the Republic,António Francisco Ventura Pina,Q9619130,2002-04-05,2005-03-09,male,1945-09-06,,,
Portugal,Member of the Assembly of the Republic,António Ribeiro Cristóvão,Q9620073,2002-04-05,2005-03-09,male,1939-07-07,,,
Portugal,Member of the Assembly of the Republic,Rosa Albernaz,Q96240434,2002-04-05,2005-03-09,female,1947-09-04,,,Rosa Albernaz
Portugal,Member of the Assembly of the Republic,Elisa Ferreira,Q5361358,2002-04-06,2004-07-20,female,1955-10-17,,"Hearings with Elisa Ferreira PT, candidate commissioner for cohesion and reforms EU (48832802368) (cropped).jpg",Elisa Ferreira
Portugal,Member of the Assembly of the Republic,António Costa,Q610788,2002-04-06,2004-07-20,male,1961-07-17,,António Costa img 6536.jpg,António Costa
Portugal,Member of the Assembly of the Republic,Jorge Nuno Sá,Q11728268,2002-04-08,2005-03-10,male,1977-06-13,,,
Portugal,Member of the Assembly of the Republic,Joana Amaral Dias,Q6205661,2003-01-23,2003-08-01,female,1975-01-01,,Joana Amaral Dias na VI Convenção Nacional do Bloco de Esquerda (cropped).jpg,Joana Amaral Dias
Portugal,Member of the Assembly of the Republic,Alda Sousa,Q9144666,2004-02-16,2005-03-10,female,1953-08-04,,Alda Sousa (19086473748) (cropped).jpg,
Portugal,Member of the Assembly of the Republic,Celeste Cardona,Q16337119,2004-07-17,2004-10-01,female,1951-06-30,,,Celeste Cardona
Portugal,Member of the Assembly of the Republic,Helena Pinto,Q10294458,2005-03-10,2009-10-14,female,1959-09-05,,,
Portugal,Member of the Assembly of the Republic,Nuno da Câmara Pereira,Q10295257,2005-03-10,2009-10-14,male,1951-06-19,,,
Portugal,Member of the Assembly of the Republic,Idália Serrão,Q10299830,2005-03-10,2009-10-14,female,1964-05-16,,"Idália Serrão, 2013.png",Idália Serrão
Portugal,Member of the Assembly of the Republic,Jorge Neto,Q10308196,2005-03-10,2009-10-14,male,1957-01-03,,,
Portugal,Member of the Assembly of the Republic,José Luís Ferreira,Q10309832,2005-03-10,2009-10-14,male,1962-08-27,,,
Portugal,Member of the Assembly of the Republic,José Moura Soeiro,Q10310170,2005-03-10,2009-10-14,male,1984-08-11,,"José Soeiro, Bloco de Esquerda (cropped).png",José Soeiro
Portugal,Member of the Assembly of the Republic,Luís Braga da Cruz,Q10321318,2005-03-10,2009-10-14,male,1942-05-30,,,
Portugal,Member of the Assembly of the Republic,Manuel Pizarro,Q10324447,2005-03-10,2009-10-14,male,1964-02-02,,,Manuel Pizarro (politician)
Portugal,Member of the Assembly of the Republic,Mariana Aiveca,Q10326209,2005-03-10,2009-10-14,female,1954-02-03,,Deputados do Bloco de Esquerda (16) (4026598887).jpg,
Portugal,Member of the Assembly of the Republic,Nuno Morais Sarmento,Q10338225,2005-03-10,2009-10-14,male,1961-01-31,,,
Portugal,Member of the Assembly of the Republic,Paulo Rangel,Q10346767,2005-03-10,2009-10-14,male,1968-02-18,,MERCOSUL - Representação Brasileira no Parlamento do Mercosul (22371092998) (cropped).jpg,Paulo Rangel
Portugal,Member of the Assembly of the Republic,Pedro Nuno Santos,Q10347660,2005-03-10,2009-10-14,male,1977-04-13,,"Pedro Nuno Santos, 2020-01-15 (cropped).png",Pedro Nuno Santos
Portugal,Member of the Assembly of the Republic,Pedro Quartin Graça Simão José,Q10347716,2005-03-10,2009-10-14,male,1962-05-18,,,
Portugal,Member of the Assembly of the Republic,Ricardo Rodrigues,Q10361221,2005-03-10,2009-10-14,male,1958-06-01,,Ricardo Rodrigues.jpg,
Portugal,Member of the Assembly of the Republic,Sérgio Lipari Pinto,Q10376154,2005-03-10,2005-03-12,male,1962-06-27,,Lipari mini.JPG,
Portugal,Member of the Assembly of the Republic,Vitalino Canas,Q10392072,2005-03-10,2009-10-14,male,1959-07-14,,"Vitalino Canas, Seminário Internacional de Direito Administrativo e de Administração Pública, 2017 (cropped).jpg",Vitalino Canas
Portugal,Member of the Assembly of the Republic,António Gameiro,Q106957334,2005-03-10,2009-10-14,male,1970-08-14,,,
Portugal,Member of the Assembly of the Republic,Duarte Pacheco,Q106991775,2005-03-10,2009-10-14,male,1965-11-25,,,
Portugal,Member of the Assembly of the Republic,Emídio Guerreiro,Q107012611,2005-03-10,2009-10-14,male,1965-05-23,,,
Portugal,Member of the Assembly of the Republic,Hortense Martins,Q107024384,2005-03-10,2009-10-14,female,1966-09-21,,,
Portugal,Member of the Assembly of the Republic,Maria Germana Rocha,Q107123329,2005-03-10,2009-10-14,female,1968-06-08,,,
Portugal,Member of the Assembly of the Republic,Nuno Sá,Q107128811,2005-03-10,2009-10-14,male,1976-04-02,,,
Portugal,Member of the Assembly of the Republic,Victor Cruz,Q107523979,2005-03-10,2009-10-14,male,1963-03-10,,,
Portugal,Member of the Assembly of the Republic,José Matos Rosa,Q112989470,2005-03-10,2009-10-14,male,1959-09-04,,,
Portugal,Member of the Assembly of the Republic,Luís Montenegro,Q11764394,2005-03-10,2009-10-14,male,1973-02-16,,Luís Montenegro 2016-01-14.png,Luís Montenegro
Portugal,Member of the Assembly of the Republic,Maria Carrilho,Q11768765,2005-03-10,2009-10-14,female,1943-11-25,2022-02-06,,Maria Carrilho
Portugal,Member of the Assembly of the Republic,Miguel Tiago,Q11780551,2005-03-10,2009-10-14,male,1979-08-27,,Miguel Tiago PCP.png,
Portugal,Member of the Assembly of the Republic,Nuno Magalhães,Q11794196,2005-03-10,2009-10-14,male,1972-03-04,,,Nuno Magalhães
Portugal,Member of the Assembly of the Republic,André Brandão de Almeida,Q1188408,2005-03-10,2009-10-14,male,1978-04-05,,André Brandão de Almeida - Deputado PSD.jpg,
Portugal,Member of the Assembly of the Republic,Manuel Pinho,Q1382767,2005-03-10,2005-03-12,male,1954-10-28,,Manuel Pinho.jpg,Manuel Pinho
Portugal,Member of the Assembly of the Republic,Ana Drago,Q1518240,2005-03-10,2009-10-14,female,1975,,Deputados do Bloco de Esquerda (16) (4026598639).jpg,Ana Drago
Portugal,Member of the Assembly of the Republic,José Pedro Aguiar Branco,Q1555060,2005-03-10,2009-10-14,male,1957-07-18,,Panetta y Aguiar-Branco.jpg,José Pedro Aguiar-Branco
Portugal,Member of the Assembly of the Republic,António José Seguro,Q1580316,2005-03-10,2009-10-14,male,1962-03-11,,"António José Seguro, Europeias 2014 (cropped).png",António José Seguro
Portugal,Member of the Assembly of the Republic,João Portugal,Q1593180,2005-03-10,2009-10-14,male,1977-10-01,,,
Portugal,Member of the Assembly of the Republic,João Pinho de Almeida,Q16337640,2005-03-10,2009-10-14,male,1976-09-11,,,
Portugal,Member of the Assembly of the Republic,Jerónimo de Sousa,Q1688029,2005-03-10,2009-10-14,male,1947-04-13,,1º DE MAIO JERÓNIMO DE SOUSA (33584564293).jpg,Jerónimo de Sousa
Portugal,Member of the Assembly of the Republic,Alda Macedo,Q17496444,2005-03-10,2009-10-14,female,1954-09-07,,,
Portugal,Member of the Assembly of the Republic,António Chora,Q17496450,2005-03-10,2009-10-14,male,1954-10-15,,,
Portugal,Member of the Assembly of the Republic,Cecília Honório,Q17496452,2005-03-10,2009-10-14,female,1962-07-01,,Deputados do Bloco de Esquerda (16) (4026598563).jpg,
Portugal,Member of the Assembly of the Republic,João Teixeira Lopes,Q17496469,2005-03-10,2009-10-14,male,1969-08-15,,,
Portugal,Member of the Assembly of the Republic,José Sócrates,Q182367,2005-03-10,2009-10-14,male,1957-09-06,,Josesocrates09082006.jpg,José Sócrates
Portugal,Member of the Assembly of the Republic,José Freire Antunes,Q19359508,2005-03-10,2009-10-14,male,1954-01-25,2015-01-26,,
Portugal,Member of the Assembly of the Republic,Eduardo Cabrita,Q21600813,2005-03-10,2009-10-14,male,1961-09-26,,"Eduardo Cabrita, Feira do Fumeiro 2017.png",Eduardo Cabrita
Portugal,Member of the Assembly of the Republic,Susana Amador,Q2368982,2005-03-10,2009-10-14,female,1967-04-25,,Susana Amador - September 2016 (cropped).jpg,Susana Amador
Portugal,Member of the Assembly of the Republic,Marcos Perestrello,Q23836571,2005-03-10,2009-10-14,male,1971-08-23,,,
Portugal,Member of the Assembly of the Republic,Ana Paula Vitorino,Q23904964,2005-03-10,2009-10-14,female,1962-04-25,,Ana Paula Vitorino 2017-08-31.png,Ana Paula Vitorino
Portugal,Member of the Assembly of the Republic,Luísa Salgueiro,Q25431044,2005-03-10,2009-10-14,female,1968-01-02,,Luísa Salgueiro.png,Luísa Salgueiro
Portugal,Member of the Assembly of the Republic,Francisco Lopes,Q3062583,2005-03-10,2009-10-15,male,1955-08-29,,,Francisco Lopes
Portugal,Member of the Assembly of the Republic,António Carlos Monteiro,Q30934473,2005-03-10,2009-10-14,male,1968-05-31,,,
Portugal,Member of the Assembly of the Republic,Álvaro Castelo Branco,Q30934717,2005-03-10,2009-10-14,male,1961-04-16,,,
Portugal,Member of the Assembly of the Republic,Helena Lopes da Costa,Q30934999,2005-03-10,2009-10-14,female,1953-04-06,,,
Portugal,Member of the Assembly of the Republic,Abel Baptista,Q318379,2005-03-10,2009-10-14,male,1963-10-13,,,
Portugal,Member of the Assembly of the Republic,Jorge Lacão,Q3183843,2005-03-10,2009-10-14,male,1954-09-04,,Jorge Lacão.jpg,
Portugal,Member of the Assembly of the Republic,Isabel Santos,Q43376217,2005-03-10,2009-10-14,female,1968-02-12,,"Isabel Santos (MP, Portugal), Chair of the OSCE PA's human rights committee, Copenhagen, 27 April 2015 (cropped bis).jpg",Isabel Santos
Portugal,Member of the Assembly of the Republic,João Oliveira,Q47539921,2005-03-10,2009-10-14,male,1979-07-09,,,
Portugal,Member of the Assembly of the Republic,Bravo Nico,Q58219921,2005-03-10,2009-10-14,male,1964-09-11,,,
Portugal,Member of the Assembly of the Republic,Regina Bastos,Q607679,2005-03-10,2009-10-14,female,1960-11-04,,Regina Bastos 2016-03-08.png,Regina Bastos
Portugal,Member of the Assembly of the Republic,Luís António Pita Ameixa,Q65161985,2005-03-10,2009-10-14,male,1960-10-13,,,
Portugal,Member of the Assembly of the Republic,Abílio Dias Fernandes,Q65498268,2005-03-10,2009-10-14,male,1938-02-22,,,
Portugal,Member of the Assembly of the Republic,Jorge Machado,Q65498603,2005-03-10,2009-10-14,male,1976-05-20,,,
Portugal,Member of the Assembly of the Republic,Adão Silva,Q65499616,2005-03-10,2009-10-14,male,1957-10-01,,"Adão Silva em Budapeste, 18 de Março de 2014.jpg",
Portugal,Member of the Assembly of the Republic,Armando França,Q678353,2005-03-10,2007-10-15,male,1949-10-22,,,
Portugal,Member of the Assembly of the Republic,José Luís Carneiro,Q74256324,2005-03-10,2009-10-14,male,1971-10-04,,José Luís Carneiro.png,José Luís Carneiro
Portugal,Member of the Assembly of the Republic,Joana Ferreira Lima,Q85569209,2005-03-10,2009-10-14,female,1963-11-18,,,Joana Ferreira Lima
Portugal,Member of the Assembly of the Republic,Eduardo Ferro Rodrigues,Q925136,2005-03-10,2009-10-14,male,1949-11-03,,"Eduardo Ferro Rodrigues smiling at handshaking, Bratislava Informal Parliamentary Summit 2016-10-07.jpg",Eduardo Ferro Rodrigues
Portugal,Member of the Assembly of the Republic,Rosa Albernaz,Q96240434,2005-03-10,2009-10-14,female,1947-09-04,,,Rosa Albernaz
Portugal,Member of the Assembly of the Republic,Mário David,Q10334416,2005-03-12,2009-07-13,male,1953-08-20,,David Mário 2014-02-06 1.jpg,
Portugal,Member of the Assembly of the Republic,João Semedo,Q655391,2006-03-08,2009-10-15,male,1951-06-20,2018-07-17,João m Semedo.jpg,João Semedo
Portugal,Member of the Assembly of the Republic,Paula Santos,Q102300635,2009-10-15,2011-06-19,female,1980-09-29,,,Paula Santos
Portugal,Member of the Assembly of the Republic,Elza Pais,Q10272128,2009-10-15,2011-06-19,female,1958-11-22,,,Elza Pais
Portugal,Member of the Assembly of the Republic,Francisca Almeida,Q10284519,2009-10-15,2011-06-19,female,1983-11-06,,,Francisca Almeida
Portugal,Member of the Assembly of the Republic,Idália Serrão,Q10299830,2009-10-15,2011-06-19,female,1964-05-16,,"Idália Serrão, 2013.png",Idália Serrão
Portugal,Member of the Assembly of the Republic,Isilda Gomes,Q10303913,2009-10-15,2011-06-19,female,1951-09-16,,CoR Members portraits - Isilda Maria DOS SANTOS VARGES GOMES.jpg,
Portugal,Member of the Assembly of the Republic,Jorge Bacelar Gouveia,Q10308054,2009-10-15,2011-06-19,male,1966-07-01,,,
Portugal,Member of the Assembly of the Republic,José Luís Ferreira,Q10309832,2009-10-15,2011-06-19,male,1962-08-27,,,
Portugal,Member of the Assembly of the Republic,José Manuel Pureza,Q10309889,2009-10-15,2011-06-19,male,1958-12-18,,JoséManuelPureza.jpg,José Manuel Pureza
Portugal,Member of the Assembly of the Republic,José Manuel de Sousa Rodrigues,Q10309911,2009-10-15,2011-06-19,male,1960-07-13,,,
Portugal,Member of the Assembly of the Republic,Luís Menezes,Q10321558,2009-10-15,2011-06-19,male,1980-12-20,,,
Portugal,Member of the Assembly of the Republic,Paulo Mota Pinto,Q10346718,2009-10-15,2011-06-19,male,1966-11-18,,,
Portugal,Member of the Assembly of the Republic,Pedro Filipe Soares,Q10347467,2009-10-15,2011-06-19,male,1979-02-15,,Deputados do Bloco de Esquerda (16) (4027352316).jpg,Pedro Filipe Soares
Portugal,Member of the Assembly of the Republic,Pedro Lynce,Q10347577,2009-10-15,2011-06-19,male,1943-02-06,,,
Portugal,Member of the Assembly of the Republic,Sofia Cabral,Q10372914,2009-10-15,2011-06-20,female,1978-02-13,,,
Portugal,Member of the Assembly of the Republic,José Pereira Marques,Q105158705,2009-10-15,2011-06-19,male,1972-09-17,,,
Portugal,Member of the Assembly of the Republic,Isabel Oneto,Q106952912,2009-10-15,2011-06-19,female,1959-09-14,,Informal meeting of justice and home affairs ministers. Handshake (Home Affairs) Andres Anvelt and Isabel Oneto (34911237774) (cropped).jpg,Isabel Oneto
Portugal,Member of the Assembly of the Republic,Carla Barros,Q106963914,2009-10-15,2011-06-19,female,1980-02-08,,,
Portugal,Member of the Assembly of the Republic,Carlos Peixoto,Q106978169,2009-10-15,2011-06-19,male,1968-02-13,,,
Portugal,Member of the Assembly of the Republic,Duarte Pacheco,Q106991775,2009-10-15,2011-06-19,male,1965-11-25,,,
Portugal,Member of the Assembly of the Republic,Eurídice Pereira,Q107012713,2009-10-15,2011-06-19,female,1962-10-20,,,Eurídice Pereira
Portugal,Member of the Assembly of the Republic,Filipe Neto Brandão,Q107020056,2009-10-15,2011-06-19,male,1968-09-09,,,
Portugal,Member of the Assembly of the Republic,Hortense Martins,Q107024384,2009-10-15,2011-06-19,female,1966-09-21,,,
Portugal,Member of the Assembly of the Republic,Hugo Pires,Q107028953,2009-10-15,2011-06-19,male,1979-04-21,,,
Portugal,Member of the Assembly of the Republic,João Paulo Correia,Q107072031,2009-10-15,2011-06-19,male,1976-09-28,,,
Portugal,Member of the Assembly of the Republic,João Paulo Pedrosa,Q107079084,2009-10-15,2011-06-19,male,1965-09-29,,,
Portugal,Member of the Assembly of the Republic,José Rui Cruz,Q107092998,2009-10-15,2011-06-19,male,1966-11-14,,,
Portugal,Member of the Assembly of the Republic,Nuno Sá,Q107128811,2009-10-15,2011-06-19,male,1976-04-02,,,
Portugal,Member of the Assembly of the Republic,Pedro Rodrigues,Q107161378,2009-10-15,2011-06-19,male,1979-07-27,,,
Portugal,Member of the Assembly of the Republic,João Serpa Oliva,Q107206214,2009-10-15,2011-06-19,male,1948-06-26,2021-06-04,João Serpa Oliva.png,
Portugal,Member of the Assembly of the Republic,João Galamba,Q108120680,2009-10-15,2011-06-19,male,1976-08-04,,"João Galamba, 2014.png",
Portugal,Member of the Assembly of the Republic,Amadeu Soares Albergaria,Q110623942,2009-10-15,2011-06-19,male,1977-01-16,,Amadeu Soares Albergaria.png,
Portugal,Member of the Assembly of the Republic,Maria Antonieta Dias,Q110646853,2009-10-15,2011-06-19,female,1952-03-12,,,
Portugal,Member of the Assembly of the Republic,Duarte Cordeiro,Q111349255,2009-10-15,2011-06-19,male,1979-02-23,,,Duarte Cordeiro
Portugal,Member of the Assembly of the Republic,Anabela Freitas,Q111609377,2009-10-15,2011-06-19,female,1966-11-21,,,
Portugal,Member of the Assembly of the Republic,Luís Montenegro,Q11764394,2009-10-15,2011-06-19,male,1973-02-16,,Luís Montenegro 2016-01-14.png,Luís Montenegro
Portugal,Member of the Assembly of the Republic,Nuno Magalhães,Q11794196,2009-10-15,2011-06-19,male,1972-03-04,,,Nuno Magalhães
Portugal,Member of the Assembly of the Republic,Ana Drago,Q1518240,2009-10-15,2011-06-19,female,1975,,Deputados do Bloco de Esquerda (16) (4026598639).jpg,Ana Drago
Portugal,Member of the Assembly of the Republic,Manuel Seabra,Q15833722,2009-10-15,2011-06-19,male,1962-07-28,2014-01-01,,
Portugal,Member of the Assembly of the Republic,António Leitão Amaro,Q16491519,2009-10-15,2011-06-19,male,1980-04-02,,António Leitão Amaro 2014-09-16.png,
Portugal,Member of the Assembly of the Republic,Jerónimo de Sousa,Q1688029,2009-10-15,2011-06-19,male,1947-04-13,,1º DE MAIO JERÓNIMO DE SOUSA (33584564293).jpg,Jerónimo de Sousa
Portugal,Member of the Assembly of the Republic,Heitor Sousa,Q17496461,2009-10-15,2011-06-19,male,1953-04-05,,,
Portugal,Member of the Assembly of the Republic,Jorge Duarte Costa,Q17496471,2009-10-15,2011-06-19,male,1975-10-19,,Deputados do Bloco de Esquerda (16) (4027352714).jpg,
Portugal,Member of the Assembly of the Republic,José Gusmão,Q17496473,2009-10-15,2011-06-19,male,1976-07-20,,(José Gusmão) Strasbourg Plenary November 2019 F70A5692-2 (49136575106) (cropped).jpg,José Gusmão
Portugal,Member of the Assembly of the Republic,Pedro Manuel Bastos Rodrigues Soares,Q17496480,2009-10-15,2011-06-19,male,1957-03-06,,,
Portugal,Member of the Assembly of the Republic,Fernando Medina,Q20017756,2009-10-15,2011-06-19,male,1973-03-10,,Web Summit 2018 - Fernando Medina.jpg,Fernando Medina
Portugal,Member of the Assembly of the Republic,Eduardo Cabrita,Q21600813,2009-10-15,2011-06-19,male,1961-09-26,,"Eduardo Cabrita, Feira do Fumeiro 2017.png",Eduardo Cabrita
Portugal,Member of the Assembly of the Republic,Teresa Morais,Q23836573,2009-10-15,2011-06-19,female,1959-07-21,,,Teresa Morais
Portugal,Member of the Assembly of the Republic,Inês de Medeiros,Q260092,2009-10-15,2011-06-19,female,1968-04-15,,Inês de Medeiros na Apresentação do Folio Festival 2017 - 2017-06-09.png,Inês de Medeiros
Portugal,Member of the Assembly of the Republic,Luís Vales,Q27836017,2009-10-15,2011-06-19,male,1979-08-23,,Luís vales.jpg,
Portugal,Member of the Assembly of the Republic,Catarina Marcelino,Q28973800,2009-10-15,2011-06-19,female,1971-01-25,,,Catarina Marcelino
Portugal,Member of the Assembly of the Republic,Francisco Lopes,Q3062583,2009-10-15,2011-06-19,male,1955-08-29,,,Francisco Lopes
Portugal,Member of the Assembly of the Republic,Isabel Galriça Neto,Q30934734,2009-10-15,2011-06-19,female,1961-07-10,,,Isabel Galriça Neto
Portugal,Member of the Assembly of the Republic,Helena Lopes da Costa,Q30934999,2009-10-15,2011-06-19,female,1953-04-06,,,
Portugal,Member of the Assembly of the Republic,Abel Baptista,Q318379,2009-10-15,2011-06-19,male,1963-10-13,,,
Portugal,Member of the Assembly of the Republic,Assunção Cristas,Q439377,2009-10-15,2011-06-19,female,1974-09-28,,AssunçãoCristas.png,Assunção Cristas
Portugal,Member of the Assembly of the Republic,Nuno Encarnação,Q48878221,2009-10-15,2011-06-19,male,1972-12-24,,,
Portugal,Member of the Assembly of the Republic,Catarina Martins,Q612666,2009-10-15,2011-06-19,female,1973-09-07,,"Catarina Martins, SomosBibliotecas (cropped2).png",Catarina Martins
Portugal,Member of the Assembly of the Republic,Luisa Roseira,Q65499182,2009-10-15,2011-06-19,female,1973-09-03,,,
Portugal,Member of the Assembly of the Republic,Paulo Pisco,Q65499184,2009-10-15,2011-06-19,male,1961-08-22,,,
Portugal,Member of the Assembly of the Republic,Adão Silva,Q65499616,2009-10-15,2011-06-19,male,1957-10-01,,"Adão Silva em Budapeste, 18 de Março de 2014.jpg",
Portugal,Member of the Assembly of the Republic,João Semedo,Q655391,2009-10-15,2011-06-19,male,1951-06-20,2018-07-17,João m Semedo.jpg,João Semedo
Portugal,Member of the Assembly of the Republic,Luís Miguel França,Q66728274,2009-10-15,2011-06-19,male,1971-01-30,2015-10-06,,
Portugal,Member of the Assembly of the Republic,Vânia Jesus,Q66741724,2009-10-15,2011-06-19,female,1979-01-17,,,Vânia Jesus
Portugal,Member of the Assembly of the Republic,Michael Seufert,Q6834299,2009-10-15,2011-06-19,male,1983-04-15,,Michael Seufert.jpg,Michael Seufert
Portugal,Member of the Assembly of the Republic,Miguel Vale de Almeida,Q6844839,2009-10-15,2011-06-19,male,1960-08-21,,Miguel Vale de Almeida in San Francisco.jpg,Miguel Vale de Almeida
Portugal,Member of the Assembly of the Republic,Sérgio Sousa Pinto,Q7666117,2009-10-15,2011-06-19,male,1972-07-29,,,Sérgio Sousa Pinto
Portugal,Member of the Assembly of the Republic,Artur Rêgo,Q9160754,2009-10-15,2011-06-19,male,1958-04-24,,,
Portugal,Member of the Assembly of the Republic,Carlos da Costa Neves,Q9184746,2009-10-15,2011-06-19,male,1954-06-16,,,
Portugal,Member of the Assembly of the Republic,Cecília Felgueiras de Meireles Graça,Q9185480,2009-10-15,2011-06-19,female,1977-05-29,,,Cecília Meireles (politician)
Portugal,Member of the Assembly of the Republic,Filipe Lobo d'Ávila,Q9259658,2009-10-15,2011-06-19,male,1975-01-18,,,
Portugal,Member of the Assembly of the Republic,Rita Rato,Q9310612,2009-10-15,2011-06-19,female,1983-01-05,,Rita Rato.jpg,Rita Rato
Portugal,Member of the Assembly of the Republic,Rosa Albernaz,Q96240434,2009-10-15,2011-06-19,female,1947-09-04,,,Rosa Albernaz
Portugal,Member of the Assembly of the Republic,Pedro Marques,Q22005939,2009-10-26,2009-10-31,male,1976-08-01,,High-hevel Conference Dedicated to EU Cohesion Policy Handshake (27796851787) (cropped).jpg,Pedro Marques (politician)
Portugal,Member of the Assembly of the Republic,João Ramos,Q11728720,2010-08-01,2011-06-20,male,1972-10-13,,,
Portugal,Member of the Assembly of the Republic,Diana Ferreira,Q102297248,2011-06-20,2015-10-22,female,1981-03-17,,,Diana Ferreira
Portugal,Member of the Assembly of the Republic,Francisco José Viegas,Q10284869,2011-06-20,2015-10-22,male,1962-03-14,,,
Portugal,Member of the Assembly of the Republic,Gabriela Canavilhas,Q10287923,2011-06-20,2015-10-22,female,1961-03-29,,"Gabriela Canavilhas - VII Reunião de Ministros da Cultura da CPLP, Sintra, Portugal, 18 de Junho de 2010.png",Gabriela Canavilhas
Portugal,Member of the Assembly of the Republic,Idália Serrão,Q10299830,2011-06-20,2015-10-22,female,1964-05-16,,"Idália Serrão, 2013.png",Idália Serrão
Portugal,Member of the Assembly of the Republic,José Luís Ferreira,Q10309832,2011-06-20,2015-10-22,male,1962-08-27,,,
Portugal,Member of the Assembly of the Republic,José Manuel Canavarro,Q10309874,2011-06-20,2015-10-22,male,1965-04-17,,,
Portugal,Member of the Assembly of the Republic,José Manuel de Sousa Rodrigues,Q10309911,2011-06-20,2015-10-22,male,1960-07-13,,,
Portugal,Member of the Assembly of the Republic,Lídia Maria Bulcão Rosa da Silveira Dutra,Q10322008,2011-06-20,2015-10-22,female,1975-04-19,,Lidia bulcao psd acores.jpg,
Portugal,Member of the Assembly of the Republic,Paulo Mota Pinto,Q10346718,2011-06-20,2015-10-22,male,1966-11-18,,,
Portugal,Member of the Assembly of the Republic,Pedro Filipe Soares,Q10347467,2011-06-20,2015-10-22,male,1979-02-15,,Deputados do Bloco de Esquerda (16) (4027352316).jpg,Pedro Filipe Soares
Portugal,Member of the Assembly of the Republic,Pedro Nuno Santos,Q10347660,2011-06-20,2015-10-22,male,1977-04-13,,"Pedro Nuno Santos, 2020-01-15 (cropped).png",Pedro Nuno Santos
Portugal,Member of the Assembly of the Republic,Odete Silva,Q103819858,2011-06-20,2015-10-22,female,1971-09-18,2016-03-10,,
Portugal,Member of the Assembly of the Republic,Paulo Sá,Q103891418,2011-06-20,2015-10-22,male,1965-07-12,,,
Portugal,Member of the Assembly of the Republic,Carla Cruz,Q105207145,2011-06-20,2015-10-22,female,1971-11-06,,,
Portugal,Member of the Assembly of the Republic,Pedro Delgado Alves,Q106532452,2011-06-20,2015-10-22,male,1980-12-12,,,
Portugal,Member of the Assembly of the Republic,Afonso Oliveira,Q106946850,2011-06-20,2015-10-22,male,1964-03-27,,,
Portugal,Member of the Assembly of the Republic,Bruno Coimbra,Q106963771,2011-06-20,2015-10-22,male,1981-04-21,,Bruno Coimbra.png,
Portugal,Member of the Assembly of the Republic,Cristóvão Norte,Q106990158,2011-06-20,2015-10-22,male,1976-08-06,,,
Portugal,Member of the Assembly of the Republic,Duarte Pacheco,Q106991775,2011-06-20,2015-10-22,male,1965-11-25,,,
Portugal,Member of the Assembly of the Republic,Eduardo Teixeira,Q107005612,2011-06-20,2015-10-22,male,1972-06-25,,,
Portugal,Member of the Assembly of the Republic,Jorge Paulo Oliveira,Q107088964,2011-06-20,2015-10-22,male,1965-12-28,,,
Portugal,Member of the Assembly of the Republic,Paulo Rios de Oliveira,Q107145184,2011-06-20,2015-10-22,male,1965-02-19,,,
Portugal,Member of the Assembly of the Republic,João Serpa Oliva,Q107206214,2011-06-20,2015-10-22,male,1948-06-26,2021-06-04,João Serpa Oliva.png,
Portugal,Member of the Assembly of the Republic,João Galamba,Q108120680,2011-06-20,2015-10-22,male,1976-08-04,,"João Galamba, 2014.png",
Portugal,Member of the Assembly of the Republic,João Lobo,Q110186887,2011-06-20,2015-10-22,male,1951-10-14,2021-12-17,,
Portugal,Member of the Assembly of the Republic,Fialho Isaac,Q11697996,2011-06-20,2015-10-22,male,1960-01-26,,,
Portugal,Member of the Assembly of the Republic,João Ramos,Q11728720,2011-06-20,2015-10-22,male,1972-10-13,,,
Portugal,Member of the Assembly of the Republic,Luís Montenegro,Q11764394,2011-06-20,2015-10-22,male,1973-02-16,,Luís Montenegro 2016-01-14.png,Luís Montenegro
Portugal,Member of the Assembly of the Republic,Maria Luís Albuquerque,Q13581124,2011-06-20,2015-10-22,female,1967-09-16,,Maria Luís Albuquerque.png,Maria Luís Albuquerque
Portugal,Member of the Assembly of the Republic,Adolfo Mesquita Nunes,Q16485477,2011-06-20,2013-07-26,male,1977-11-29,,Adolfo Mesquita Nunes 02.jpg,Adolfo Mesquita Nunes
Portugal,Member of the Assembly of the Republic,Cláudia Monteiro de Aguiar,Q16537126,2011-06-20,2015-10-22,female,1982-04-08,,"Cláudia Monteiro de Aguiar, World Travel and Tourism Council (44019942124) (cropped).jpg",Cláudia Aguiar
Portugal,Member of the Assembly of the Republic,Jerónimo de Sousa,Q1688029,2011-06-20,2015-10-22,male,1947-04-13,,1º DE MAIO JERÓNIMO DE SOUSA (33584564293).jpg,Jerónimo de Sousa
Portugal,Member of the Assembly of the Republic,Hélder Sousa Silva,Q16940072,2011-06-20,2015-10-22,male,1965-07-21,,Web Summit 2018 - Surf Summit Surf Summit 2018 - Hélder Sousa Silva (43895171410) (cropped).jpg,
Portugal,Member of the Assembly of the Republic,Inês de Drummond Ludovice Mendes Gomes,Q17280335,2011-06-20,2015-10-22,female,1974-05-31,,,
Portugal,Member of the Assembly of the Republic,Mariana Mortágua,Q17496474,2011-06-20,2015-10-22,female,1986-06-24,,"Mariana Mortágua, tempo de antena sobre justiça fiscal, Legislativas 2022.png",Mariana Mortágua
Portugal,Member of the Assembly of the Republic,Isabel Moreira,Q19409554,2011-06-20,2015-10-22,female,1976-04-02,,Isabel Moreira.jpg,Isabel Moreira
Portugal,Member of the Assembly of the Republic,João Gonçalves Pereira,Q23836569,2011-06-20,2015-10-22,male,1977-05-07,,João Gonçalves Pereira.jpg,
Portugal,Member of the Assembly of the Republic,Marcos Perestrello,Q23836571,2011-06-20,2015-10-22,male,1971-08-23,,,
Portugal,Member of the Assembly of the Republic,António Serrano,Q2857763,2011-06-20,2015-10-22,male,1965-01-16,,,
Portugal,Member of the Assembly of the Republic,Maria da Assunção Esteves,Q2868303,2011-06-20,2015-10-22,female,1956-10-15,,Assunção Esteves (18272649550) (cropped).jpg,Maria da Assunção Esteves
Portugal,Member of the Assembly of the Republic,Catarina Marcelino,Q28973800,2011-06-20,2015-10-22,female,1971-01-25,,,Catarina Marcelino
Portugal,Member of the Assembly of the Republic,Francisco Lopes,Q3062583,2011-06-20,2015-10-22,male,1955-08-29,,,Francisco Lopes
Portugal,Member of the Assembly of the Republic,Fernando Nobre,Q3069519,2011-06-20,2011-07-01,male,1951-12-16,,Fernando Nobre 02.jpg,Fernando Nobre
Portugal,Member of the Assembly of the Republic,Paula Teixeira da Cruz,Q3075716,2011-06-20,2015-10-22,female,1960-06-01,,Paula Teixeira da Cruz (politician).png,Paula Teixeira da Cruz
Portugal,Member of the Assembly of the Republic,Inês Teotónio Pereira,Q30932423,2011-06-20,2015-10-22,female,1971-12-14,,,
Portugal,Member of the Assembly of the Republic,Isabel Galriça Neto,Q30934734,2011-06-20,2015-10-22,female,1961-07-10,,,Isabel Galriça Neto
Portugal,Member of the Assembly of the Republic,Clara Marques Mendes,Q30934986,2011-06-20,2015-10-22,female,1970-04-30,,,Clara Marques Mendes
Portugal,Member of the Assembly of the Republic,Teresa Leal Coelho,Q30934991,2011-06-20,2015-10-22,female,1961-03-29,,Teresa Leal Coelho (cropped).jpg,Teresa Leal Coelho
Portugal,Member of the Assembly of the Republic,Helena André,Q3129652,2011-06-20,2015-10-22,female,1960-10-29,,,Helena André
Portugal,Member of the Assembly of the Republic,Jorge Lacão,Q3183843,2011-06-20,2015-10-22,male,1954-09-04,,Jorge Lacão.jpg,
Portugal,Member of the Assembly of the Republic,Hugo Soares,Q42851646,2011-06-20,2015-10-22,male,1983-03-02,,Hugo Soares.jpg,Hugo Soares
Portugal,Member of the Assembly of the Republic,Isabel Santos,Q43376217,2011-06-20,2015-10-22,female,1968-02-12,,"Isabel Santos (MP, Portugal), Chair of the OSCE PA's human rights committee, Copenhagen, 27 April 2015 (cropped bis).jpg",Isabel Santos
Portugal,Member of the Assembly of the Republic,Assunção Cristas,Q439377,2011-06-20,2015-10-22,female,1974-09-28,,AssunçãoCristas.png,Assunção Cristas
Portugal,Member of the Assembly of the Republic,Ana Jorge,Q482868,2011-06-20,2015-10-22,female,1949-09-23,,Ana Jorge - EMCDDA 26 June 2010.png,Ana Jorge
Portugal,Member of the Assembly of the Republic,Catarina Martins,Q612666,2011-06-20,2015-10-22,female,1973-09-07,,"Catarina Martins, SomosBibliotecas (cropped2).png",Catarina Martins
Portugal,Member of the Assembly of the Republic,Joana Barata Lopes,Q65499243,2011-06-20,2015-10-22,female,1985-03-16,,,
Portugal,Member of the Assembly of the Republic,Manuel Meirinho,Q65499244,2011-06-20,2015-10-22,male,1963-11-08,,,
Portugal,Member of the Assembly of the Republic,Luís Leite Ramos,Q65499246,2011-06-20,2015-10-22,male,1961-10-29,,,
Portugal,Member of the Assembly of the Republic,Adão Silva,Q65499616,2011-06-20,2015-10-22,male,1957-10-01,,"Adão Silva em Budapeste, 18 de Março de 2014.jpg",
Portugal,Member of the Assembly of the Republic,Sérgio Azevedo,Q65499619,2011-06-20,2015-10-22,male,1981-10-30,,,
Portugal,Member of the Assembly of the Republic,João Semedo,Q655391,2011-06-20,2015-10-22,male,1951-06-20,2018-07-17,João m Semedo.jpg,João Semedo
Portugal,Member of the Assembly of the Republic,Carlos Silva e Sousa,Q66690133,2011-06-20,2015-10-22,male,1957-04-13,2018-02-22,,
Portugal,Member of the Assembly of the Republic,Rui Caetano,Q66741757,2011-06-20,2015-10-22,male,1967-01-19,,,
Portugal,Member of the Assembly of the Republic,Nilza de Sena,Q70385445,2011-06-20,2015-10-22,female,1976-11-21,,"Nilza de Sena at OSCE PA Autumn Meeting, Marrakech, 5 Oct. 2019 (48848472881) (cropped).jpg",Nilza de Sena
Portugal,Member of the Assembly of the Republic,Rui Barreto,Q73104708,2011-06-20,2015-10-22,male,1976-09-16,,,
Portugal,Member of the Assembly of the Republic,Ricardo Baptista Leite,Q7322552,2011-06-20,2015-10-22,male,1980-05-31,,"Leite, Médico Ricardo Baptista.jpg",Ricardo Baptista Leite
Portugal,Member of the Assembly of the Republic,Sérgio Sousa Pinto,Q7666117,2011-06-20,2015-10-22,male,1972-07-29,,,Sérgio Sousa Pinto
Portugal,Member of the Assembly of the Republic,Duarte Marques,Q9212694,2011-06-20,2015-10-22,male,1981-05-09,,"Duarte Marques, Congresso do PPE em Bona, 2009.jpg",Duarte Marques
Portugal,Member of the Assembly of the Republic,Eduardo Ferro Rodrigues,Q925136,2011-06-20,2015-10-22,male,1949-11-03,,"Eduardo Ferro Rodrigues smiling at handshaking, Bratislava Informal Parliamentary Summit 2016-10-07.jpg",Eduardo Ferro Rodrigues
Portugal,Member of the Assembly of the Republic,Rosa Albernaz,Q96240434,2011-06-20,2015-10-22,female,1947-09-04,,,Rosa Albernaz
Portugal,Member of the Assembly of the Republic,Carlos Moedas,Q9697231,2011-06-20,2015-10-22,male,1970-08-10,,EPP Talks (35182247475) (cropped).jpg,Carlos Moedas
Portugal,Member of the Assembly of the Republic,Pedro Morais Soares,Q16940524,2013-07-01,2015-10-22,male,1977-11-07,,Pedro Morais Soares.png,
Portugal,Member of the Assembly of the Republic,Armando Soares,Q102032969,2015-10-23,2015-10-30,male,1977-07-30,,,
Portugal,Member of the Assembly of the Republic,Ana Mesquita,Q102187795,2015-10-23,2019-10-24,female,1979-03-22,,,Ana Mesquita
Portugal,Member of the Assembly of the Republic,João Dias,Q102375092,2015-10-23,2019-10-24,male,1973-07-16,,,
Portugal,Member of the Assembly of the Republic,Idália Serrão,Q10299830,2015-10-23,2019-10-24,female,1964-05-16,,"Idália Serrão, 2013.png",Idália Serrão
Portugal,Member of the Assembly of the Republic,José Luís Ferreira,Q10309832,2015-10-23,2019-10-24,male,1962-08-27,,,
Portugal,Member of the Assembly of the Republic,Pedro Nuno Santos,Q10347660,2015-10-23,2019-10-24,male,1977-04-13,,"Pedro Nuno Santos, 2020-01-15 (cropped).png",Pedro Nuno Santos
Portugal,Member of the Assembly of the Republic,Duarte Alves,Q103819821,2015-10-23,2019-10-24,male,1991-01-06,,,
Portugal,Member of the Assembly of the Republic,José Silvano,Q103998211,2015-10-23,2019-10-24,male,1957-02-28,,,
Portugal,Member of the Assembly of the Republic,Fátima Ramos,Q104771012,2015-10-23,2019-10-24,female,1962-01-18,,,
Portugal,Member of the Assembly of the Republic,Carla Cruz,Q105207145,2015-10-23,2019-10-24,female,1971-11-06,,,
Portugal,Member of the Assembly of the Republic,Pedro Delgado Alves,Q106532452,2015-10-23,2019-10-24,male,1980-12-12,,,
Portugal,Member of the Assembly of the Republic,Ana Passos,Q106950931,2015-10-23,2019-10-24,female,1967-05-30,,"Ana Passos, 2013.png",
Portugal,Member of the Assembly of the Republic,Isabel Pires,Q106953409,2015-10-23,2019-10-24,female,1990-06-21,,"Arruada Morais Soares, Lisboa, Set.2021 (51801686055) (cropped).jpg",
Portugal,Member of the Assembly of the Republic,Norberto Patinho,Q106953568,2015-10-23,2019-10-24,male,1954-09-22,,,
Portugal,Member of the Assembly of the Republic,Tiago Barbosa Ribeiro,Q106953722,2015-10-23,2019-10-24,male,1983-09-19,,Tiago Barbosa Ribeiro.jpg,
Portugal,Member of the Assembly of the Republic,André Pinotes Batista,Q106956308,2015-10-23,2019-10-24,male,1984-04-13,,,
Portugal,Member of the Assembly of the Republic,António Lima Costa,Q106959146,2015-10-23,2019-10-24,male,1964-01-12,,,
Portugal,Member of the Assembly of the Republic,Bruno Coimbra,Q106963771,2015-10-23,2019-10-24,male,1981-04-21,,Bruno Coimbra.png,
Portugal,Member of the Assembly of the Republic,Carla Barros,Q106963914,2015-10-23,2019-10-24,female,1980-02-08,,,
Portugal,Member of the Assembly of the Republic,Carla Sousa,Q106978016,2015-10-23,2019-10-24,female,1970-06-05,,,
Portugal,Member of the Assembly of the Republic,Cristina Jesus,Q106980556,2015-10-23,2019-10-24,female,1971-08-07,,,
Portugal,Member of the Assembly of the Republic,Diogo Leão,Q106991181,2015-10-23,2019-10-24,male,1986-02-10,,,
Portugal,Member of the Assembly of the Republic,Duarte Pacheco,Q106991775,2015-10-23,2019-10-24,male,1965-11-25,,,
Portugal,Member of the Assembly of the Republic,Emília Cerqueira,Q107012660,2015-10-23,2019-10-24,female,1971-03-14,,,Emília Cerqueira
Portugal,Member of the Assembly of the Republic,Fernando Anastácio,Q107015131,2015-10-23,2019-10-24,male,1957-01-26,,,
Portugal,Member of the Assembly of the Republic,Francisco Rocha,Q107021299,2015-10-23,2019-10-24,male,1967-01-30,,,
Portugal,Member of the Assembly of the Republic,Helga Correia,Q107021623,2015-10-23,2019-10-24,female,1977-03-22,,,Helga Correia
Portugal,Member of the Assembly of the Republic,Hugo Carvalho,Q107024959,2015-10-23,2019-10-24,male,1987-08-17,,,
Portugal,Member of the Assembly of the Republic,Hugo Costa,Q107026568,2015-10-23,2019-10-24,male,1983-07-17,,,
Portugal,Member of the Assembly of the Republic,Hugo Pires,Q107028953,2015-10-23,2019-10-24,male,1979-04-21,,,
Portugal,Member of the Assembly of the Republic,João Azevedo Castro,Q107051596,2015-10-23,2019-10-24,male,1971-01-24,,20181024 JoaoCastro PaçosPerdidos.jpg,
Portugal,Member of the Assembly of the Republic,Joaquim Barreto,Q107082574,2015-10-23,2019-10-24,male,1950-12-22,,,
Portugal,Member of the Assembly of the Republic,Jorge Paulo Oliveira,Q107088964,2015-10-23,2019-10-24,male,1965-12-28,,,
Portugal,Member of the Assembly of the Republic,José Manuel Carpinteira,Q107090683,2015-10-23,2019-10-24,male,1959-04-06,,,
Portugal,Member of the Assembly of the Republic,Lúcia Araújo Silva,Q107108864,2015-10-23,2019-10-24,female,1964-03-02,,,
Portugal,Member of the Assembly of the Republic,Luís Graça,Q107109248,2015-10-23,2019-10-24,male,1972-08-16,,,
Portugal,Member of the Assembly of the Republic,Luís Moreira Testa,Q107109969,2015-10-23,2019-10-24,male,1978-01-20,,,
Portugal,Member of the Assembly of the Republic,Luís Soares,Q107110619,2015-10-23,2019-10-24,male,1983-07-08,,,
Portugal,Member of the Assembly of the Republic,Maria Germana Rocha,Q107123329,2015-10-23,2019-10-24,female,1968-06-08,,,
Portugal,Member of the Assembly of the Republic,Palmira Maciel,Q107139929,2015-10-23,2019-10-24,female,1961-11-24,,,Palmira Maciel
Portugal,Member of the Assembly of the Republic,Pedro do Carmo,Q107156294,2015-10-23,2019-10-24,male,1971-04-30,,,
Portugal,Member of the Assembly of the Republic,Porfírio Silva,Q107169823,2015-10-23,2019-10-24,male,1961-10-29,,,
Portugal,Member of the Assembly of the Republic,Ricardo Leão,Q107176430,2015-10-23,2019-10-24,male,1975-08-11,,,
Portugal,Member of the Assembly of the Republic,Rui Silva,Q107182206,2015-10-23,2019-10-24,male,1965-04-30,,,
Portugal,Member of the Assembly of the Republic,Sandra Pereira,Q107183173,2015-10-23,2019-10-24,female,1974-06-23,,,
Portugal,Member of the Assembly of the Republic,Sofia Araújo,Q107204005,2015-10-23,2019-10-24,female,1974-09-06,,,
Portugal,Member of the Assembly of the Republic,Sandra Cunha,Q107360656,2015-10-23,2019-10-24,female,1972-10-21,,Sandra Cunha (Coming Out Prémios Arco Íris 2019).jpg,Sandra Cunha
Portugal,Member of the Assembly of the Republic,João Paulo Rebelo,Q108120413,2015-10-23,2019-10-24,male,1974-08-18,,,
Portugal,Member of the Assembly of the Republic,Eurico Brilhante Dias,Q110806434,2015-10-23,2019-10-24,male,1972-03-15,,,
Portugal,Member of the Assembly of the Republic,Fernando Rocha Andrade,Q111036398,2015-10-23,2019-10-24,male,1971-02-19,2022-02-28,,
Portugal,Member of the Assembly of the Republic,João Gouveia,Q11728710,2015-10-23,2019-10-24,male,1958-07-11,,,
Portugal,Member of the Assembly of the Republic,João Ramos,Q11728720,2015-10-23,2018-03-01,male,1972-10-13,,,
Portugal,Member of the Assembly of the Republic,Luís Montenegro,Q11764394,2015-10-23,2018-04-06,male,1973-02-16,,Luís Montenegro 2016-01-14.png,Luís Montenegro
Portugal,Member of the Assembly of the Republic,Jerónimo de Sousa,Q1688029,2015-10-23,2019-10-24,male,1947-04-13,,1º DE MAIO JERÓNIMO DE SOUSA (33584564293).jpg,Jerónimo de Sousa
Portugal,Member of the Assembly of the Republic,Heitor Sousa,Q17496461,2015-10-23,2019-10-24,male,1953-04-05,,,
Portugal,Member of the Assembly of the Republic,Jorge Duarte Costa,Q17496471,2015-10-23,2019-10-24,male,1975-10-19,,Deputados do Bloco de Esquerda (16) (4027352714).jpg,
Portugal,Member of the Assembly of the Republic,Mariana Mortágua,Q17496474,2015-10-23,2019-10-24,female,1986-06-24,,"Mariana Mortágua, tempo de antena sobre justiça fiscal, Legislativas 2022.png",Mariana Mortágua
Portugal,Member of the Assembly of the Republic,Isabel Moreira,Q19409554,2015-10-23,2019-10-24,female,1976-04-02,,Isabel Moreira.jpg,Isabel Moreira
Portugal,Member of the Assembly of the Republic,Paulo Trigo Pereira,Q21072405,2015-10-23,2018-12-06,male,1959-11-03,,,
Portugal,Member of the Assembly of the Republic,Margarida Mano,Q21290358,2015-10-23,2019-10-24,female,1963-12-03,,,Margarida Mano
Portugal,Member of the Assembly of the Republic,Mário Centeno,Q21568721,2015-10-23,2019-10-24,male,1966-12-09,,"Informal meeting of economic and financial affairs ministers (ECOFIN). Handshake, Eurogroup Toomas Tõniste and Mário Centeno (37238535645) (cropped).jpg",Mário Centeno
Portugal,Member of the Assembly of the Republic,Manuel Caldeira Cabral,Q21582289,2015-10-23,2019-10-24,male,1968-04-28,,Manuel Caldeira Cabral.JPG,Manuel Caldeira Cabral
Portugal,Member of the Assembly of the Republic,Maria Manuel Leitão Marques,Q22252746,2015-10-23,2019-07-02,female,1952-08-23,,(Maria Manuel Leitão Marques) Horasis Global Meeting - Grand Opening (cropped).jpg,Maria Manuel Leitão Marques
Portugal,Member of the Assembly of the Republic,Rubina Berardo,Q22807807,2015-10-23,2019-10-24,female,1982-11-11,,,Rubina Berardo
Portugal,Member of the Assembly of the Republic,Constança Urbano de Sousa,Q23797153,2015-10-23,2019-10-24,female,1967-04-01,,Constança Urbano de Sousa.jpg,Constança Urbano de Sousa
Portugal,Member of the Assembly of the Republic,Tiago Brandão Rodrigues,Q23799289,2015-10-23,2019-10-24,male,1977-06-03,,Web Summit 2017 - Day 1 DG2 2759 (38241612491) (cropped).jpg,Tiago Brandão Rodrigues
Portugal,Member of the Assembly of the Republic,João Gonçalves Pereira,Q23836569,2015-10-23,2019-10-24,male,1977-05-07,,João Gonçalves Pereira.jpg,
Portugal,Member of the Assembly of the Republic,Marcos Perestrello,Q23836571,2015-10-23,2019-10-24,male,1971-08-23,,,
Portugal,Member of the Assembly of the Republic,André Silva,Q23904994,2015-10-23,2019-10-24,male,1976-04-02,,"André Silva, PAN.jpg",André Lourenço e Silva
Portugal,Member of the Assembly of the Republic,Joana Mortágua,Q23905015,2015-10-23,2019-10-24,female,1986-06-24,,"Comício Almada, jan.2022 (51847537306) (cropped).jpg",Joana Mortágua
Portugal,Member of the Assembly of the Republic,Jorge Nogueiro Gomes,Q23905364,2015-10-23,2019-10-24,male,1951-10-28,,,Jorge Gomes (politician)
Portugal,Member of the Assembly of the Republic,Jorge Simões,Q24035061,2015-10-23,2019-10-24,male,1953-12-07,,,
Portugal,Member of the Assembly of the Republic,João Vasconcelos,Q25421864,2015-10-23,2019-10-24,male,1956-03-08,,,
Portugal,Member of the Assembly of the Republic,Carlos Matias,Q25421866,2015-10-23,2019-10-24,male,1951-09-06,,,
Portugal,Member of the Assembly of the Republic,Moisés Ferreira,Q25421892,2015-10-23,2019-10-24,male,1985-12-25,,"Moisés Ferreira, Bloco de Esquerda.png",
Portugal,Member of the Assembly of the Republic,Carlos César,Q2571494,2015-10-23,2019-10-24,male,1956-10-30,,Barack Obama and Carlos Cesar.jpg,Carlos César
Portugal,Member of the Assembly of the Republic,António Filipe da Providência Santarém Anacoreta Correia,Q28555817,2015-10-23,2019-10-24,male,1972-09-23,,Filipe Anacoreta Correia 2.jpg,
Portugal,Member of the Assembly of the Republic,Luis Monteiro,Q28870177,2015-10-23,2019-10-24,male,1993-01-29,,Luís Monteiro.jpg,
Portugal,Member of the Assembly of the Republic,Catarina Marcelino,Q28973800,2015-10-23,2019-10-24,female,1971-01-25,,,Catarina Marcelino
Portugal,Member of the Assembly of the Republic,Margarida Marques,Q28973801,2015-10-23,2019-07-02,female,1954-03-02,,HAND SHAKE 2016-09-02 (28782106053) (cropped) - Margarida Marques.jpg,Margarida Marques
Portugal,Member of the Assembly of the Republic,Francisco Lopes,Q3062583,2015-10-23,2019-10-24,male,1955-08-29,,,Francisco Lopes
Portugal,Member of the Assembly of the Republic,Graça Fonseca,Q30930777,2015-10-23,2015-11-27,female,1971-08-13,,"Graça Fonseca (Sessão de Evocação do Centenário de Amália Rodrigues, no Panteão Nacional), cropped.png",Graça Fonseca
Portugal,Member of the Assembly of the Republic,Álvaro Castelo Branco,Q30934717,2015-10-23,2019-10-24,male,1961-04-16,,,
Portugal,Member of the Assembly of the Republic,Isabel Galriça Neto,Q30934734,2015-10-23,2019-10-24,female,1961-07-10,,,Isabel Galriça Neto
Portugal,Member of the Assembly of the Republic,Clara Marques Mendes,Q30934986,2015-10-23,2019-10-24,female,1970-04-30,,,Clara Marques Mendes
Portugal,Member of the Assembly of the Republic,Jorge Lacão,Q3183843,2015-10-23,2019-10-24,male,1954-09-04,,Jorge Lacão.jpg,
Portugal,Member of the Assembly of the Republic,Inês Lamego,Q37830591,2015-10-23,2019-10-24,female,1986-09-29,,,
Portugal,Member of the Assembly of the Republic,Helena Freitas,Q41842117,2015-10-23,2016-03-10,female,1962-09-24,,,
Portugal,Member of the Assembly of the Republic,João Torres,Q42297127,2015-10-23,2018-10-17,male,1986-04-24,,João Torres.png,João Torres
Portugal,Member of the Assembly of the Republic,Hugo Soares,Q42851646,2015-10-23,2019-10-24,male,1983-03-02,,Hugo Soares.jpg,Hugo Soares
Portugal,Member of the Assembly of the Republic,Isabel Santos,Q43376217,2015-10-23,2019-07-02,female,1968-02-12,,"Isabel Santos (MP, Portugal), Chair of the OSCE PA's human rights committee, Copenhagen, 27 April 2015 (cropped bis).jpg",Isabel Santos
Portugal,Member of the Assembly of the Republic,Ricardo Mourinho Félix,Q43422874,2015-10-23,2019-10-24,male,1974-07-22,,"Ricardo Mourinho Félix, Informal ECOFIN, 2016-09-10.jpg",
Portugal,Member of the Assembly of the Republic,Assunção Cristas,Q439377,2015-10-23,2019-10-24,female,1974-09-28,,AssunçãoCristas.png,Assunção Cristas
Portugal,Member of the Assembly of the Republic,Alexandre Quintanilha,Q4720890,2015-10-23,2019-10-24,male,1945-08-09,,"Alexandre Quintanilha, 2015.png",Alexandre Quintanilha
Portugal,Member of the Assembly of the Republic,Carlos Pereira,Q47539817,2015-10-23,2019-10-24,male,1969-08-30,,,
Portugal,Member of the Assembly of the Republic,Margarida Balseiro Lopes,Q52161254,2015-10-23,2019-10-24,female,1989-09-24,,,Margarida Balseiro Lopes
Portugal,Member of the Assembly of the Republic,António Ventura,Q56349036,2015-10-23,2019-10-24,male,1968-03-11,,,
Portugal,Member of the Assembly of the Republic,Lara Martinho,Q56349037,2015-10-23,2019-10-24,female,1978-11-06,,,Lara Martinho
Portugal,Member of the Assembly of the Republic,Lília Ana Águas,Q56349040,2015-10-23,2019-10-24,female,1977-05-19,,,
Portugal,Member of the Assembly of the Republic,Rosa Dart,Q56349046,2015-10-23,2015-10-30,female,1975-12-09,,Rosa Dart.jpg,
Portugal,Member of the Assembly of the Republic,Maria Manuel Rola,Q56349810,2015-10-23,2019-10-24,female,1984-06-26,,Maria Manuel Rola (Interior Do Avesso).png,
Portugal,Member of the Assembly of the Republic,Ivan Gonçalves,Q58839704,2015-10-23,2019-10-24,male,1987-06-03,,Ivan Gonçalves.jpg,
Portugal,Member of the Assembly of the Republic,António Manuel Leitão Borges,Q58839951,2015-10-23,2019-10-24,male,1955-07-20,,,
Portugal,Member of the Assembly of the Republic,Regina Bastos,Q607679,2015-10-23,2019-10-24,female,1960-11-04,,Regina Bastos 2016-03-08.png,Regina Bastos
Portugal,Member of the Assembly of the Republic,António Costa,Q610788,2015-10-23,2015-11-27,male,1961-07-17,,António Costa img 6536.jpg,António Costa
Portugal,Member of the Assembly of the Republic,Pedro Bacelar de Vasconcelos,Q61195608,2015-10-23,2019-10-24,male,1951-12-04,,,
Portugal,Member of the Assembly of the Republic,Joana Barata Lopes,Q65499243,2015-10-23,2019-10-24,female,1985-03-16,,,
Portugal,Member of the Assembly of the Republic,Adão Silva,Q65499616,2015-10-23,2019-10-24,male,1957-10-01,,"Adão Silva em Budapeste, 18 de Março de 2014.jpg",
Portugal,Member of the Assembly of the Republic,Wanda Guimarães,Q65499870,2015-10-23,2019-10-24,female,1944-07-09,,,
Portugal,Member of the Assembly of the Republic,Sara Madruga da Costa,Q66688384,2015-10-23,2019-10-24,female,1978-09-15,,,Sara Madruga da Costa
Portugal,Member of the Assembly of the Republic,Luís Vilhena,Q66688631,2015-10-23,2019-10-24,male,1963-07-07,,,
Portugal,Member of the Assembly of the Republic,Paulino Ascenção,Q66688848,2015-10-23,2019-10-24,male,1972-06-22,,,
Portugal,Member of the Assembly of the Republic,Paulo Neves,Q66713687,2015-10-23,2019-10-24,male,1967-07-09,,,
Portugal,Member of the Assembly of the Republic,Ernesto Ferraz,Q66713877,2015-10-23,2019-10-24,male,1974-06-13,,,
Portugal,Member of the Assembly of the Republic,Nilza de Sena,Q70385445,2015-10-23,2019-10-24,female,1976-11-21,,"Nilza de Sena at OSCE PA Autumn Meeting, Marrakech, 5 Oct. 2019 (48848472881) (cropped).jpg",Nilza de Sena
Portugal,Member of the Assembly of the Republic,António Lacerda Sales,Q72902300,2015-10-23,2019-10-24,male,1962-06-03,,,
Portugal,Member of the Assembly of the Republic,Ricardo Baptista Leite,Q7322552,2015-10-23,2019-10-24,male,1980-05-31,,"Leite, Médico Ricardo Baptista.jpg",Ricardo Baptista Leite
Portugal,Member of the Assembly of the Republic,Ana Rita Bessa,Q83250122,2015-10-23,2019-10-24,female,1973-08-27,,,
Portugal,Member of the Assembly of the Republic,Eduardo Ferro Rodrigues,Q925136,2015-10-23,2019-10-24,male,1949-11-03,,"Eduardo Ferro Rodrigues smiling at handshaking, Bratislava Informal Parliamentary Summit 2016-10-07.jpg",Eduardo Ferro Rodrigues
Portugal,Member of the Assembly of the Republic,Rosa Albernaz,Q96240434,2015-10-23,2019-10-24,female,1947-09-04,,,Rosa Albernaz
Portugal,Member of the Assembly of the Republic,António Topa,Q98418954,2015-10-23,2019-10-24,male,1954-09-02,2021-10-31,António Topa.png,António Topa
Portugal,Member of the Assembly of the Republic,Berta Cabral,Q16498018,2015-10-30,2019-10-24,female,1952-11-20,,BertaCabral.jpg,Berta Cabral
Portugal,Member of the Assembly of the Republic,Vânia Dias da Silva,Q30934722,2015-10-30,2019-10-24,female,1977-07-12,,,
Portugal,Member of the Assembly of the Republic,Paulo Trigo Pereira,Q21072405,2018-12-06,2019-10-24,male,1959-11-03,,,
Portugal,Member of the Assembly of the Republic,Pedro Cegonho,Q101537534,2019-10-25,2022-03-28,male,1978-08-09,,,
Portugal,Member of the Assembly of the Republic,Isabel Meireles,Q101584344,2019-10-25,2022-03-28,female,1954-09-04,,,Isabel Meirelles
Portugal,Member of the Assembly of the Republic,Paulo Moniz,Q101617629,2019-10-25,2022-03-28,male,1969-01-02,,,
Portugal,Member of the Assembly of the Republic,Isabel Rodrigues,Q101760216,2019-10-25,2022-03-28,female,1965-02-03,,,
Portugal,Member of the Assembly of the Republic,Paulo Porto Fernandes,Q102209446,2019-10-25,2022-03-28,male,1964-04-16,,Paulo Porto Fernandes (002).jpg,
Portugal,Member of the Assembly of the Republic,Alma Rivera,Q102293068,2019-10-25,2022-03-28,female,1991-09-24,,,Alma Rivera
Portugal,Member of the Assembly of the Republic,José Luís Ferreira,Q10309832,2019-10-25,2022-03-28,male,1962-08-27,,,
Portugal,Member of the Assembly of the Republic,Pompeu Miguel Martins,Q10351143,2019-10-25,2022-03-28,male,1969-11-05,,Pmmlogo.jpg,
Portugal,Member of the Assembly of the Republic,José Silvano,Q103998211,2019-10-25,2022-03-28,male,1957-02-28,,,
Portugal,Member of the Assembly of the Republic,Miguel Costa Matos,Q104137316,2019-10-25,2022-03-28,male,1994-05-29,,AprCandidaturaMCM (27 de 53).jpg,
Portugal,Member of the Assembly of the Republic,Cristina Rodrigues,Q105918879,2019-10-25,2020-06-25,female,1985-06-14,,,Cristina Rodrigues (politician)
Portugal,Member of the Assembly of the Republic,Fabíola Cardoso,Q106407692,2019-10-25,2022-03-28,female,1972-11-29,,,
Portugal,Member of the Assembly of the Republic,Pedro Delgado Alves,Q106532452,2019-10-25,2022-03-28,male,1980-12-12,,,
Portugal,Member of the Assembly of the Republic,Álvaro Almeida,Q106943329,2019-10-25,2022-03-28,male,1964-11-17,,,
Portugal,Member of the Assembly of the Republic,Alexandre Poço,Q106943424,2019-10-25,2022-03-28,male,1992-07-04,,,
Portugal,Member of the Assembly of the Republic,Alexandra Vieira,Q106944576,2019-10-25,2022-03-28,female,1966-09-29,,,
Portugal,Member of the Assembly of the Republic,Alexandra Tavares de Moura,Q106944623,2019-10-25,2022-03-28,female,1969-02-12,,ATdM2019.jpg,
Portugal,Member of the Assembly of the Republic,Alberto Machado,Q106944651,2019-10-25,2022-03-28,male,1978-08-07,,,
Portugal,Member of the Assembly of the Republic,Alberto Fonseca,Q106946789,2019-10-25,2022-03-28,male,1983-07-13,,,
Portugal,Member of the Assembly of the Republic,Ana Miguel dos Santos,Q106950733,2019-10-25,2022-03-28,female,1981-09-12,,,
Portugal,Member of the Assembly of the Republic,Ana Passos,Q106950931,2019-10-25,2022-03-28,female,1967-05-30,,"Ana Passos, 2013.png",
Portugal,Member of the Assembly of the Republic,Anabela Sousa Rodrigues,Q106951099,2019-10-25,2022-03-28,female,1972-10-09,,,
Portugal,Member of the Assembly of the Republic,Diana Santos,Q106951460,2019-10-25,2022-03-28,female,1984-07-21,,,
Portugal,Member of the Assembly of the Republic,Bebiana Cunha,Q106951633,2019-10-25,2022-03-28,female,1985-12-25,,,
Portugal,Member of the Assembly of the Republic,Cláudia Bento,Q106952112,2019-10-25,2022-03-28,female,1983-06-04,,,Cláudia Bento
Portugal,Member of the Assembly of the Republic,Isabel Lopes,Q106952741,2019-10-25,2022-03-28,female,1970-04-15,,,
Portugal,Member of the Assembly of the Republic,Isabel Pires,Q106953409,2019-10-25,2022-03-28,female,1990-06-21,,"Arruada Morais Soares, Lisboa, Set.2021 (51801686055) (cropped).jpg",
Portugal,Member of the Assembly of the Republic,Joana Bento,Q106953442,2019-10-25,2022-03-28,female,1987-07-21,,,
Portugal,Member of the Assembly of the Republic,Norberto Patinho,Q106953568,2019-10-25,2022-03-28,male,1954-09-22,,,
Portugal,Member of the Assembly of the Republic,Tiago Barbosa Ribeiro,Q106953722,2019-10-25,2022-03-28,male,1983-09-19,,Tiago Barbosa Ribeiro.jpg,
Portugal,Member of the Assembly of the Republic,André Coelho Lima,Q106956200,2019-10-25,2022-03-28,male,1974-05-31,,,
Portugal,Member of the Assembly of the Republic,André Neves,Q106956222,2019-10-25,2022-03-28,male,1988-09-10,,,
Portugal,Member of the Assembly of the Republic,André Pinotes Batista,Q106956308,2019-10-25,2022-03-28,male,1984-04-13,,,
Portugal,Member of the Assembly of the Republic,António Cunha,Q106957328,2019-10-25,2022-03-28,male,1969-04-30,,,
Portugal,Member of the Assembly of the Republic,António Lima Costa,Q106959146,2019-10-25,2022-03-28,male,1964-01-12,,,
Portugal,Member of the Assembly of the Republic,António Maló de Abreu,Q106963550,2019-10-25,2022-03-28,male,1957-01-14,,,
Portugal,Member of the Assembly of the Republic,Artur Soveral Andrade,Q106963643,2019-10-25,2022-03-28,male,1959-10-26,,,
Portugal,Member of the Assembly of the Republic,Bruno Aragão,Q106963743,2019-10-25,2022-03-28,male,1984-03-18,,,
Portugal,Member of the Assembly of the Republic,Bruno Coimbra,Q106963771,2019-10-25,2022-03-28,male,1981-04-21,,Bruno Coimbra.png,
Portugal,Member of the Assembly of the Republic,Carlos Brás,Q106963803,2019-10-25,2022-03-28,male,1968-09-08,,,
Portugal,Member of the Assembly of the Republic,Carla Barros,Q106963914,2019-10-25,2022-03-28,female,1980-02-08,,,
Portugal,Member of the Assembly of the Republic,Carla Borges,Q106964088,2019-10-25,2021-10-15,female,1972-06-02,,,
Portugal,Member of the Assembly of the Republic,Carla Madureira,Q106970441,2019-10-25,2022-03-28,female,1974-01-11,,,Carla Madureira
Portugal,Member of the Assembly of the Republic,Carla Sousa,Q106978016,2019-10-25,2022-03-28,female,1970-06-05,,,
Portugal,Member of the Assembly of the Republic,Catarina Rocha Ferreira,Q106978065,2019-10-25,2022-03-28,female,1980-08-04,,,
Portugal,Member of the Assembly of the Republic,Carlos Eduardo Reis,Q106978092,2019-10-25,2022-03-28,male,1984-05-05,,,
Portugal,Member of the Assembly of the Republic,Clarisse Campos,Q106978456,2019-10-25,2022-03-28,female,1963-08-05,,,
Portugal,Member of the Assembly of the Republic,Cláudia André,Q106978569,2019-10-25,2022-03-28,female,1971-05-24,,,Cláudia André
Portugal,Member of the Assembly of the Republic,Cláudia Santos,Q106980408,2019-10-25,2022-03-28,female,1971-01-25,,,Cláudia Cruz Santos
Portugal,Member of the Assembly of the Republic,Cristina Jesus,Q106980556,2019-10-25,2022-03-28,female,1971-08-07,,,
Portugal,Member of the Assembly of the Republic,Cristina Mendes da Silva,Q106989705,2019-10-25,2022-03-28,female,1966-08-23,,,Cristina Mendes da Silva
Portugal,Member of the Assembly of the Republic,Cristina Sousa,Q106989769,2019-10-25,2022-03-28,female,1966-08-25,,,
Portugal,Member of the Assembly of the Republic,Diogo Leão,Q106991181,2019-10-25,2022-03-28,male,1986-02-10,,,
Portugal,Member of the Assembly of the Republic,Duarte Pacheco,Q106991775,2019-10-25,2022-03-28,male,1965-11-25,,,
Portugal,Member of the Assembly of the Republic,Eduardo Barroco de Melo,Q107002572,2019-10-25,2022-03-28,male,1988-10-05,,,
Portugal,Member of the Assembly of the Republic,Eduardo Teixeira,Q107005612,2019-10-25,2022-03-28,male,1972-06-25,,,
Portugal,Member of the Assembly of the Republic,Emília Cerqueira,Q107012660,2019-10-25,2022-03-28,female,1971-03-14,,,Emília Cerqueira
Portugal,Member of the Assembly of the Republic,Fabian Figueiredo,Q107013135,2019-10-25,2022-03-28,male,1989-01-14,,,
Portugal,Member of the Assembly of the Republic,Fernanda Velez,Q107013652,2019-10-25,2022-03-28,female,1961-02-20,,,
Portugal,Member of the Assembly of the Republic,Fernando Anastácio,Q107015131,2019-10-25,2022-03-28,male,1957-01-26,,,
Portugal,Member of the Assembly of the Republic,Fernando José,Q107016774,2019-10-25,2022-03-28,male,1972-08-26,,,
Portugal,Member of the Assembly of the Republic,Fernando Paulo Ferreira,Q107017296,2019-10-25,2022-03-28,male,1973-05-10,,,
Portugal,Member of the Assembly of the Republic,Filipa Roseta,Q107019540,2019-10-25,2022-03-28,female,1973-03-09,,Filipa Roseta (2022).jpg,Filipa Roseta
Portugal,Member of the Assembly of the Republic,Filipe Pacheco,Q107020690,2019-10-25,2022-03-28,male,1989-05-10,,,
Portugal,Member of the Assembly of the Republic,Firmino Marques,Q107020750,2019-10-25,2022-03-28,male,1958-05-20,,,
Portugal,Member of the Assembly of the Republic,Francisco Pereira Oliveira,Q107020981,2019-10-25,2022-03-28,male,1961-01-01,,,
Portugal,Member of the Assembly of the Republic,Francisco Rocha,Q107021299,2019-10-25,2022-03-28,male,1967-01-30,,,
Portugal,Member of the Assembly of the Republic,Helga Correia,Q107021623,2019-10-25,2022-03-28,female,1977-03-22,,,Helga Correia
Portugal,Member of the Assembly of the Republic,Hugo Carneiro,Q107024473,2019-10-25,2022-03-28,male,1982-05-20,,,
Portugal,Member of the Assembly of the Republic,Hugo Carvalho,Q107024959,2019-10-25,2022-03-28,male,1987-08-17,,,
Portugal,Member of the Assembly of the Republic,Hugo Martins de Carvalho,Q107026671,2019-10-25,2022-03-28,male,1990-07-26,,,
Portugal,Member of the Assembly of the Republic,Hugo Oliveira,Q107028760,2019-10-25,2022-03-28,male,1982-03-01,,,
Portugal,Member of the Assembly of the Republic,Hugo Patrício Oliveira,Q107028873,2019-10-25,2022-03-28,male,1974-12-29,,,
Portugal,Member of the Assembly of the Republic,Hugo Pires,Q107028953,2019-10-25,2022-03-28,male,1979-04-21,,,
Portugal,Member of the Assembly of the Republic,Ilídia Quadrado,Q107029059,2019-10-25,2022-03-28,female,1971-04-19,,,
Portugal,Member of the Assembly of the Republic,Isaura Morais,Q107029943,2019-10-25,2022-03-28,female,1966-06-19,,,Isaura Morais
Portugal,Member of the Assembly of the Republic,Joana Sá Pereira,Q107050358,2019-10-25,2022-03-28,female,1993-07-04,,,Joana Sá Pereira
Portugal,Member of the Assembly of the Republic,João Azevedo,Q107050896,2019-10-25,2022-03-28,male,1974-12-06,,,
Portugal,Member of the Assembly of the Republic,João Azevedo Castro,Q107051596,2019-10-25,2022-03-28,male,1971-01-24,,20181024 JoaoCastro PaçosPerdidos.jpg,
Portugal,Member of the Assembly of the Republic,João Gomes Marques,Q107057764,2019-10-25,2022-03-28,male,1959-11-04,,,
Portugal,Member of the Assembly of the Republic,Jorge Paulo Oliveira,Q107088964,2019-10-25,2022-03-28,male,1965-12-28,,,
Portugal,Member of the Assembly of the Republic,Jorge Salgueiro Mendes,Q107089476,2019-10-25,2022-03-28,male,1965-01-11,,,
Portugal,Member of the Assembly of the Republic,José Cancela Moura,Q107089962,2019-10-25,2022-03-28,male,1963-07-27,,,
Portugal,Member of the Assembly of the Republic,José Manuel Carpinteira,Q107090683,2019-10-25,2021-10-18,male,1959-04-06,,,
Portugal,Member of the Assembly of the Republic,José Maria Cardoso,Q107092480,2019-10-25,2022-03-28,male,1960-12-20,,,
Portugal,Member of the Assembly of the Republic,José Fernando Gomes Mendes,Q107092699,2019-10-25,2022-03-28,male,1962-01-28,,,
Portugal,Member of the Assembly of the Republic,Lina Lopes,Q107094393,2019-10-25,2022-03-28,female,1961-05-28,,,Lina Lopes
Portugal,Member of the Assembly of the Republic,Lúcia Araújo Silva,Q107108864,2019-10-25,2022-03-28,female,1964-03-02,,,
Portugal,Member of the Assembly of the Republic,Luís Graça,Q107109248,2019-10-25,2022-03-28,male,1972-08-16,,,
Portugal,Member of the Assembly of the Republic,Luís Moreira Testa,Q107109969,2019-10-25,2022-03-28,male,1978-01-20,,,
Portugal,Member of the Assembly of the Republic,Luís Soares,Q107110619,2019-10-25,2022-03-28,male,1983-07-08,,,
Portugal,Member of the Assembly of the Republic,Manuel dos Santos Afonso,Q107121392,2019-10-25,2022-03-28,male,1950-12-01,,,
Portugal,Member of the Assembly of the Republic,Mara Lagriminha,Q107121442,2019-10-25,2022-03-28,female,1985-06-16,,,Mara Lagriminha
Portugal,Member of the Assembly of the Republic,Márcia Passos,Q107121609,2019-10-25,2022-03-28,female,1969-07-24,,,Márcia Passos
Portugal,Member of the Assembly of the Republic,Maria da Graça Reis,Q107123082,2019-10-25,2022-03-28,female,1972-07-18,,,
Portugal,Member of the Assembly of the Republic,Maria Gabriela Fonseca,Q107123187,2019-10-25,2022-03-28,female,1958-06-05,,,Maria Gabriela Fonseca
Portugal,Member of the Assembly of the Republic,Joaquina Matos,Q107123493,2019-10-25,2022-03-28,female,1952-09-13,,,
Portugal,Member of the Assembly of the Republic,Mariana Pereira da Silva,Q107123818,2019-10-25,2022-03-28,female,1982-04-28,,,
Portugal,Member of the Assembly of the Republic,Martina de Jesus,Q107124110,2019-10-25,2022-03-28,female,1965-02-28,,,
Portugal,Member of the Assembly of the Republic,Mónica Quintela,Q107124509,2019-10-25,2022-03-28,female,1967-07-14,,,Mónica Quintela
Portugal,Member of the Assembly of the Republic,Nelson Peralta,Q107126548,2019-10-25,2022-03-28,male,1981-05-25,,,
Portugal,Member of the Assembly of the Republic,Nuno Fazenda,Q107126993,2019-10-25,2022-03-28,male,1976-10-24,,,
Portugal,Member of the Assembly of the Republic,Ofélia Ramos,Q107133080,2019-10-25,2022-03-28,female,1970-07-05,,,Ofélia Ramos
Portugal,Member of the Assembly of the Republic,Olga Silvestre,Q107139690,2019-10-25,2022-03-28,female,1964-09-19,,,Olga Silvestre
Portugal,Member of the Assembly of the Republic,Palmira Maciel,Q107139929,2019-10-25,2022-03-28,female,1961-11-24,,,Palmira Maciel
Portugal,Member of the Assembly of the Republic,Paulo Leitão,Q107141655,2019-10-25,2022-03-28,female,1980-03-09,,,
Portugal,Member of the Assembly of the Republic,Pedro do Carmo,Q107156294,2019-10-25,2022-03-28,male,1971-04-30,,,
Portugal,Member of the Assembly of the Republic,Pedro Rodrigues,Q107161378,2019-10-25,2022-03-28,male,1979-07-27,,,
Portugal,Member of the Assembly of the Republic,Pedro Sousa,Q107169523,2019-10-25,2022-03-28,male,1981-11-09,,,
Portugal,Member of the Assembly of the Republic,Porfírio Silva,Q107169823,2019-10-25,2022-03-28,male,1961-10-29,,,
Portugal,Member of the Assembly of the Republic,Raquel Ferreira,Q107170330,2019-10-25,2022-03-28,female,1969-07-16,,,
Portugal,Member of the Assembly of the Republic,Raul Miguel de Castro,Q107175037,2019-10-25,2022-03-28,male,1948-10-19,,,
Portugal,Member of the Assembly of the Republic,Ricardo Leão,Q107176430,2019-10-25,2022-03-28,male,1975-08-11,,,
Portugal,Member of the Assembly of the Republic,Ricardo Vicente,Q107177088,2019-10-25,2022-03-28,male,1984-01-30,,"Ricardo Vicente, Bloco de Esquerda.png",
Portugal,Member of the Assembly of the Republic,Rita Borges Madeira,Q107177442,2019-10-25,2022-03-28,female,1972-08-08,,,Rita Madeira
Portugal,Member of the Assembly of the Republic,Rosário Gambôa,Q107177591,2019-10-25,2022-03-28,female,1956-05-03,,,Rosário Gambôa
Portugal,Member of the Assembly of the Republic,Rui Cristina,Q107177797,2019-10-25,2022-03-28,male,1979-05-19,,,
Portugal,Member of the Assembly of the Republic,Sandra Pereira,Q107183173,2019-10-25,2022-03-28,female,1974-06-23,,,
Portugal,Member of the Assembly of the Republic,Sara Velez,Q107201951,2019-10-25,2022-03-28,female,1973-11-12,,,
Portugal,Member of the Assembly of the Republic,Sílvia Torres,Q107202393,2019-10-25,2022-03-28,female,1979-01-07,,,
Portugal,Member of the Assembly of the Republic,Sofia Matos,Q107204370,2019-10-25,2022-03-28,female,1990-09-28,,,Sofia Matos
Portugal,Member of the Assembly of the Republic,Susana Correia,Q107208208,2019-10-25,2022-03-28,female,1976-06-10,,,Susana Correia
Portugal,Member of the Assembly of the Republic,Telma Guerreiro,Q107209912,2019-10-25,2022-03-28,female,1977-06-14,,,
Portugal,Member of the Assembly of the Republic,Tiago Estevão Martins,Q107211079,2019-10-25,2022-03-28,male,1989-09-11,,,
Portugal,Member of the Assembly of the Republic,Vera Braz,Q107211134,2019-10-25,2022-03-28,female,1986-11-29,,,
Portugal,Member of the Assembly of the Republic,Sandra Cunha,Q107360656,2019-10-25,2021-04-14,female,1972-10-21,,Sandra Cunha (Coming Out Prémios Arco Íris 2019).jpg,Sandra Cunha
Portugal,Member of the Assembly of the Republic,Ricardo Pinheiro,Q108118345,2019-10-25,2020-11-06,male,1980-08-28,,,
Portugal,Member of the Assembly of the Republic,Marina Gonçalves,Q108119897,2019-10-25,2022-03-28,female,1988-04-23,,,
Portugal,Member of the Assembly of the Republic,Sofia Andrade,Q111047822,2019-10-25,2022-03-28,female,1988-02-29,,,Sofia Andrade
Portugal,Member of the Assembly of the Republic,Fernando de Carvalho Ruas,Q16545093,2019-10-25,2021-10-13,male,1949-01-15,,,
Portugal,Member of the Assembly of the Republic,Jerónimo de Sousa,Q1688029,2019-10-25,2022-03-28,male,1947-04-13,,1º DE MAIO JERÓNIMO DE SOUSA (33584564293).jpg,Jerónimo de Sousa
Portugal,Member of the Assembly of the Republic,Pedro Morais Soares,Q16940524,2019-10-25,2022-03-28,male,1977-11-07,,Pedro Morais Soares.png,
Portugal,Member of the Assembly of the Republic,Jorge Duarte Costa,Q17496471,2019-10-25,2022-03-28,male,1975-10-19,,Deputados do Bloco de Esquerda (16) (4027352714).jpg,
Portugal,Member of the Assembly of the Republic,Mariana Mortágua,Q17496474,2019-10-25,2022-03-28,female,1986-06-24,,"Mariana Mortágua, tempo de antena sobre justiça fiscal, Legislativas 2022.png",Mariana Mortágua
Portugal,Member of the Assembly of the Republic,Isabel Moreira,Q19409554,2019-10-25,2022-03-28,female,1976-04-02,,Isabel Moreira.jpg,Isabel Moreira
Portugal,Member of the Assembly of the Republic,João Gonçalves Pereira,Q23836569,2019-10-25,2022-03-28,male,1977-05-07,,João Gonçalves Pereira.jpg,
Portugal,Member of the Assembly of the Republic,Marcos Perestrello,Q23836571,2019-10-25,2022-03-28,male,1971-08-23,,,
Portugal,Member of the Assembly of the Republic,André Silva,Q23904994,2019-10-25,2021-06-06,male,1976-04-02,,"André Silva, PAN.jpg",André Lourenço e Silva
Portugal,Member of the Assembly of the Republic,Moisés Ferreira,Q25421892,2019-10-25,2022-03-28,male,1985-12-25,,"Moisés Ferreira, Bloco de Esquerda.png",
Portugal,Member of the Assembly of the Republic,Catarina Marcelino,Q28973800,2019-10-25,2022-03-28,female,1971-01-25,,,Catarina Marcelino
Portugal,Member of the Assembly of the Republic,Francisco Lopes,Q3062583,2019-10-25,2019-10-30,male,1955-08-29,,,Francisco Lopes
Portugal,Member of the Assembly of the Republic,Clara Marques Mendes,Q30934986,2019-10-25,2022-03-28,female,1970-04-30,,,Clara Marques Mendes
Portugal,Member of the Assembly of the Republic,Jorge Lacão,Q3183843,2019-10-25,2022-03-28,male,1954-09-04,,Jorge Lacão.jpg,
Portugal,Member of the Assembly of the Republic,Assunção Cristas,Q439377,2019-10-25,2020-01-27,female,1974-09-28,,AssunçãoCristas.png,Assunção Cristas
Portugal,Member of the Assembly of the Republic,Sérgio Marques,Q505685,2019-10-25,2022-03-28,male,1957-02-25,,Sérgio Marques.JPG,Sérgio Marques
Portugal,Member of the Assembly of the Republic,Margarida Balseiro Lopes,Q52161254,2019-10-25,2022-03-28,female,1989-09-24,,,Margarida Balseiro Lopes
Portugal,Member of the Assembly of the Republic,Lara Martinho,Q56349037,2019-10-25,2022-03-28,female,1978-11-06,,,Lara Martinho
Portugal,Member of the Assembly of the Republic,Ivan Gonçalves,Q58839704,2019-10-25,2022-03-28,male,1987-06-03,,Ivan Gonçalves.jpg,
Portugal,Member of the Assembly of the Republic,Joana Barata Lopes,Q65499243,2019-10-25,2022-03-28,female,1985-03-16,,,
Portugal,Member of the Assembly of the Republic,Adão Silva,Q65499616,2019-10-25,2022-03-28,male,1957-10-01,,"Adão Silva em Budapeste, 18 de Março de 2014.jpg",
Portugal,Member of the Assembly of the Republic,Sara Madruga da Costa,Q66688384,2019-10-25,2022-03-28,female,1978-09-15,,,Sara Madruga da Costa
Portugal,Member of the Assembly of the Republic,Paulo Neves,Q66713687,2019-10-25,2022-03-28,male,1967-07-09,,,
Portugal,Member of the Assembly of the Republic,Joacine Katar Moreira,Q69916868,2019-10-25,2020-02-03,female,1982-07-27,,NINJA EuroTour • Lisboa (PT) • 08 12 a 13 12 2021 (52028742492) (cropped).jpg,Joacine Katar Moreira
Portugal,Member of the Assembly of the Republic,André Ventura,Q69935603,2019-10-25,2022-03-28,male,1983-01-15,,André Ventura rentree.png,André Ventura
Portugal,Member of the Assembly of the Republic,João Cotrim de Figueiredo,Q72310730,2019-10-25,2022-03-28,male,1961-06-24,,"João Cotrim de Figueiredo (Forum Alpha 2015), cropped.png",João Cotrim de Figueiredo
Portugal,Member of the Assembly of the Republic,Beatriz Gomes Dias,Q72311719,2019-10-25,2022-03-28,female,1971-03-26,,"Beatriz Gomes Dias (Comício Lisboa, Capitólio, Set.2021).jpg",Beatriz Gomes Dias
Portugal,Member of the Assembly of the Republic,Romualda Fernandes,Q72312285,2019-10-25,2022-03-28,female,1954-09-10,,,Romualda Fernandes
Portugal,Member of the Assembly of the Republic,Maria Begonha,Q72618895,2019-10-25,2022-03-28,female,1989-01-21,,,Maria Begonha
Portugal,Member of the Assembly of the Republic,Nuno Carvalho,Q72988063,2019-10-25,2022-03-28,male,1982-05-30,,,
Portugal,Member of the Assembly of the Republic,Ricardo Baptista Leite,Q7322552,2019-10-25,2022-03-28,male,1980-05-31,,"Leite, Médico Ricardo Baptista.jpg",Ricardo Baptista Leite
Portugal,Member of the Assembly of the Republic,Rui Rio,Q7378729,2019-10-25,2022-03-28,male,1957-08-06,,"EPP Summit, 22 March 2018 (27083908678) (cropped, Rui Rio).jpg",Rui Rio
Portugal,Member of the Assembly of the Republic,Ana Rita Bessa,Q83250122,2019-10-25,2021-10-04,female,1973-08-27,,,
Portugal,Member of the Assembly of the Republic,Inês Sousa Real,Q84171272,2019-10-25,2022-03-28,female,1980-06-06,,Inês Sousa Real.jpg,Inês Sousa Real
Portugal,Member of the Assembly of the Republic,Olavo Câmara,Q85179710,2019-10-25,2022-03-28,male,1990-03-01,,,
Portugal,Member of the Assembly of the Republic,Marta Freitas,Q85180684,2019-10-25,2022-03-28,female,1980-09-27,,,Marta Freitas (politician)
Portugal,Member of the Assembly of the Republic,Eduardo Ferro Rodrigues,Q925136,2019-10-25,2022-03-28,male,1949-11-03,,"Eduardo Ferro Rodrigues smiling at handshaking, Bratislava Informal Parliamentary Summit 2016-10-07.jpg",Eduardo Ferro Rodrigues
Portugal,Member of the Assembly of the Republic,António Topa,Q98418954,2019-10-25,2021-10-15,male,1954-09-02,2021-10-31,António Topa.png,António Topa
Portugal,Member of the Assembly of the Republic,João Miguel Nicolau,Q99934824,2019-10-25,2022-03-28,male,1988-08-04,,Joao Nicolau Deputado PS.jpg,
Portugal,Member of the Assembly of the Republic,João Ataíde das Neves,Q85893814,2019-10-26,2020-02-21,male,1958-05-03,2020-02-21,,
Portugal,Member of the Assembly of the Republic,Joacine Katar Moreira,Q69916868,2020-02-03,2022-03-28,female,1982-07-27,,NINJA EuroTour • Lisboa (PT) • 08 12 a 13 12 2021 (52028742492) (cropped).jpg,Joacine Katar Moreira
Portugal,Member of the Assembly of the Republic,Cristina Rodrigues,Q105918879,2020-06-25,2022-03-28,female,1985-06-14,,,Cristina Rodrigues (politician)
Portugal,Member of the Assembly of the Republic,Diogo Pacheco de Amorim,Q106543787,2021-09-09,2021-10-09,male,1949-03-10,,,Diogo Pacheco de Amorim
Portugal,Member of the Assembly of the Republic,Miguel Arrobas,Q3312940,2021-10-04,2022-03-28,male,1974-09-30,,,Miguel Arrobas
Portugal,Member of the Assembly of the Republic,Jorge Gabriel Martins,Q112210957,2021-10-16,2022-03-28,male,1965-08-10,,,
Portugal,Member of the Assembly of the Republic,Miguel Cabrita,Q108119751,2022-03-29,,male,1976,,,
Portugal,Member of the Assembly of the Republic,Pedro Frazão,Q110757572,2022-03-29,,male,1975-04-27,,Pedro dos Santos Frazão - Deputado do CHEGA.jpg,Pedro Frazão
Portugal,Member of the Assembly of the Republic,Jorge Galveias,Q110759261,2022-03-29,,male,1952-04-06,,,Jorge Valsassina Galveias
Portugal,Member of the Assembly of the Republic,Pedro Pinto,Q110759678,2022-03-29,,male,1977-07-01,,Pedro Pinto - Deputado Chega.jpg,Pedro Soares Pinto
Portugal,Member of the Assembly of the Republic,Filipe Melo,Q110759819,2022-03-29,,male,1981-08-12,,,Filipe Melo (politician)
Portugal,Member of the Assembly of the Republic,Gabriel Mithá Ribeiro,Q110760887,2022-03-29,,male,1965,,,Gabriel Mithá Ribeiro
Portugal,Member of the Assembly of the Republic,Miguel Iglésias,Q110761114,2022-03-29,,male,1983-07-29,,,
Portugal,Member of the Assembly of the Republic,Pedro Pessanha,Q110761159,2022-03-29,,male,1966-09-22,,,Pedro Pessanha
Portugal,Member of the Assembly of the Republic,Bruno Nunes,Q110769095,2022-03-29,,male,1976-10-16,,,Bruno Nunes (politician)
Portugal,Member of the Assembly of the Republic,Rui Afonso,Q110769606,2022-03-29,,male,1979-11-25,,,Rui Afonso
Portugal,Member of the Assembly of the Republic,Rita Matias,Q110782692,2022-03-29,,female,1998-10-17,,Rita Matias - Deputada CHEGA.jpg,Rita Matias
Portugal,Member of the Assembly of the Republic,Rui Paulo Sousa,Q110796352,2022-03-29,,male,1967-11-22,,,Rui Paulo Sousa
Portugal,Member of the Assembly of the Republic,Patrícia Dantas,Q110941111,2022-03-29,,female,1972-07-25,,Patrícia Dantas - 25 anos da Startup Madeira - 2022-02-14 - DSC07941 (cropped).jpg,Patrícia Dantas
Portugal,Member of the Assembly of the Republic,Patrícia Ribeiro Faro,Q110984247,2022-03-29,,female,1972-09-13,,,Patrícia Ribeiro Faro
Portugal,Member of the Assembly of the Republic,Carla Castro,Q111590010,2022-03-29,,female,1978-04-06,,,
Portugal,Member of the Assembly of the Republic,Rodrigo Saraiva,Q111621292,2022-03-29,,male,1976-04-04,,"Rodrigo Saraiva (Diz não ao Artigo 13), cropped.jpg",
Portugal,Member of the Assembly of the Republic,Bernardo Blanco,Q111621297,2022-03-29,,male,1995-11-19,,,
Portugal,Member of the Assembly of the Republic,Paula Reis,Q112225619,2022-03-29,,female,1975-09-07,,,
Portugal,Member of the Assembly of the Republic,Nathalie De Oliveira,Q112229030,2022-03-29,,female,1977-11-16,,,
Portugal,Member of the Assembly of the Republic,Rui Rocha,Q112790931,2022-03-29,,male,1970-03-13,,,
Portugal,Member of the Assembly of the Republic,Patrícia Gilvaz,Q112802035,2022-03-29,,female,1997-06-24,,,
Portugal,Member of the Assembly of the Republic,Joaquim Miranda Sarmento,Q112875862,2022-03-29,,male,1978-08-07,,,
Portugal,Member of the Assembly of the Republic,Rui Tavares,Q1337232,2022-03-29,,male,1972-07-29,,Rui Tavares 2022.png,Rui Tavares
Portugal,Member of the Assembly of the Republic,Jerónimo de Sousa,Q1688029,2022-03-29,,male,1947-04-13,,1º DE MAIO JERÓNIMO DE SOUSA (33584564293).jpg,Jerónimo de Sousa
Portugal,Member of the Assembly of the Republic,Mariana Mortágua,Q17496474,2022-03-29,,female,1986-06-24,,"Mariana Mortágua, tempo de antena sobre justiça fiscal, Legislativas 2022.png",Mariana Mortágua
Portugal,Member of the Assembly of the Republic,João Pedro Matos Fernandes,Q23800376,2022-03-29,,male,1967-12-12,,"João Pedro Matos Fernandes, Minister of the Environment and Energy Transition, Portugal (33730864708) (cropped).jpg",João Pedro Matos Fernandes
Portugal,Member of the Assembly of the Republic,Alexandra Leitão,Q25440529,2022-03-29,,female,1973-04-08,,,Alexandra Leitão
Portugal,Member of the Assembly of the Republic,Elisabete Matos,Q3826383,2022-03-29,,female,1964-09-06,,"Elisabete Matos (Cantar em Tempos de Covid, TNSC), cropped.png",Elisabete Matos
Portugal,Member of the Assembly of the Republic,João Sobrinho Teixeira,Q61000054,2022-03-29,,male,1961-12-21,,,
Portugal,Member of the Assembly of the Republic,Carlos Guimarães Pinto,Q61906426,2022-03-29,,male,1983-08-21,,,Carlos Guimarães Pinto
Portugal,Member of the Assembly of the Republic,Tiago Moreira de Sá,Q65174877,2022-03-29,,male,1971-01-12,,Tms3.png,
Portugal,Member of the Assembly of the Republic,Berta Nunes,Q65554033,2022-03-29,,female,1955-10-25,,BertaNunes SECP.jpg,Berta Nunes
Portugal,Member of the Assembly of the Republic,Rui Rio,Q7378729,2022-03-29,2022-09-14,male,1957-08-06,,"EPP Summit, 22 March 2018 (27083908678) (cropped, Rui Rio).jpg",Rui Rio
Portugal,Member of the Assembly of the Republic,Inês Sousa Real,Q84171272,2022-03-29,,female,1980-06-06,,Inês Sousa Real.jpg,Inês Sousa Real
Portugal,Member of the Assembly of the Republic,Francisco Vale César,Q85872071,2022-03-29,,male,1978-11-11,,Francisco cesar 01.jpg,
Portugal,Member of the Assembly of the Republic,Alfredo Maia,Q113834568,2022-09-07,,male,1962-03-13,,,
Portugal,Member of the Assembly of the Republic,Marta Temido,Q57339530,2022-09-10,,female,1974-03-02,,2021 - HealthConf DG4 4259 (51652310341) (cropped).jpg,Marta Temido
Portugal,member of the Legislative Assembly of Madeira,Duarte Gouveia,Q110993770,2005,2007,male,1974-11-02,,,
Portugal,member of the Legislative Assembly of Madeira,Tânia Freitas,Q111433557,2019,,female,1980-08-10,,,
Portugal,member of the Legislative Assembly of Madeira,Miguel Iglésias,Q110761114,2019-09-23,2022-02-15,male,1983-07-29,,,
Portugal,member of the Legislative Assembly of the Azores,Artur Lima,Q21173863,2003-01-01,2003-03-31,male,1963-05-23,,"Artur Lima, Político.jpg",Artur Lima
