catalog,position,person,personID,start,end,gender,DOB,DOD,image,enwiki
Finland,President,Martti Ahtisaari,Q29230,1994-03-01,2000-03-01,male,1937-06-23,,Martti Ahtisaari 2012-04-16.jpg,Martti Ahtisaari
Finland,President,Tarja Halonen,Q29213,2000-03-01,2012-03-01,female,1943-12-24,,Tarja Halonen 1c389 8827-2.jpg,Tarja Halonen
Finland,President,Sauli Niinistö,Q29207,2012-03-01,,male,1948-08-24,,Sauli Niinistö at the Enthronement of Naruhito (1).jpg,Sauli Niinistö
Finland,Prime Minister,Paavo Lipponen,Q29110,1995-04-13,2003-04-17,male,1941-04-23,,Paavo Lipponen 2004.jpg,Paavo Lipponen
Finland,Prime Minister,Anneli Jäätteenmäki,Q229517,2003-04-17,2003-06-24,female,1955-02-11,,Jäätteenmäki Anneli 2014-02-06 1.jpg,Anneli Jäätteenmäki
Finland,Prime Minister,Matti Vanhanen,Q182043,2003-06-24,2010-06-22,male,1955-11-04,,2020-03-02 Matti Vanhanen.jpg,Matti Vanhanen
Finland,Prime Minister,Mari Kiviniemi,Q105068,2010-06-22,2011-06-22,female,1968-09-27,,"Mari Kiviniemi on November 2, 2010.jpg",Mari Kiviniemi
Finland,Prime Minister,Jyrki Katainen,Q57638,2011-06-22,2014-06-24,male,1971-10-14,,Jyrki Katainen in 2019 (cropped).jpg,Jyrki Katainen
Finland,Prime Minister,Alexander Stubb,Q503143,2014-06-24,2015-05-28,male,1968-04-01,,Alexander Stubb EPP October 2018 (44474967285) (cropped).jpg,Alexander Stubb
Finland,Prime Minister,Juha Sipilä,Q1711532,2015-05-29,2019-06-06,male,1961-04-25,,"Juha Sipila in Stockholm, Sweden on April 17, 2018 (cropped).JPG",Juha Sipilä
Finland,Prime Minister,Antti Rinne,Q11852228,2019-06-06,2019-12-10,male,1962-11-03,,Antti Rinne.jpg,Antti Rinne
Finland,Prime Minister,Sanna Marin,Q16986436,2019-12-10,,female,1985-11-16,,Prime Minister of Finland Sanna Marin 2019 (cropped).jpg,Sanna Marin
Finland,Deputy Prime Minister,Sauli Niinistö,Q29207,1995-04-13,2001-08-30,male,1948-08-24,,Sauli Niinistö at the Enthronement of Naruhito (1).jpg,Sauli Niinistö
Finland,Deputy Prime Minister,Antti Kalliomäki,Q609682,2003-04-17,2003-06-24,male,1947-01-08,,Antti Kalliomaki (cropped).jpg,Antti Kalliomäki
Finland,Deputy Prime Minister,Antti Kalliomäki,Q609682,2003-06-24,2005-09-23,male,1947-01-08,,Antti Kalliomaki (cropped).jpg,Antti Kalliomäki
Finland,Deputy Prime Minister,Eero Heinäluoma,Q2360756,2005-09-23,2007-04-19,male,1955-07-04,,Eero Heinäluoma 2009-05-24.jpg,Eero Heinäluoma
Finland,Deputy Prime Minister,Jyrki Katainen,Q57638,2007-04-19,2011-06-22,male,1971-10-14,,Jyrki Katainen in 2019 (cropped).jpg,Jyrki Katainen
Finland,Deputy Prime Minister,Jutta Urpilainen,Q241376,2011-06-22,2014-06-06,female,1975-08-04,,Jutta Urpilainen (cropped).jpg,Jutta Urpilainen
Finland,Deputy Prime Minister,Antti Rinne,Q11852228,2014-06-06,2015-05-29,male,1962-11-03,,Antti Rinne.jpg,Antti Rinne
Finland,Deputy Prime Minister,Timo Soini,Q355463,2015-05-29,2017-06-28,male,1962-05-30,,Timo Soini.jpg,Timo Soini
Finland,Deputy Prime Minister,Petteri Orpo,Q6029546,2017-06-28,2019-06-06,male,1969-11-03,,"Petteri Orpo at EPP Summit, Brussels, June 2016 (27923961326) (cropped).jpg",Petteri Orpo
Finland,Deputy Prime Minister,Mika Lintilä,Q16984784,2019-06-06,2019-09-12,male,1966-04-15,,Mika-Lintilä-3.jpg,Mika Lintilä
Finland,Deputy Prime Minister,Katri Kulmuni,Q20253947,2019-09-12,2020-06-05,female,1987-09-04,,Katri Kulmuni.jpg,Katri Kulmuni
Finland,Deputy Prime Minister,Matti Vanhanen,Q182043,2020-06-09,2020-09-10,male,1955-11-04,,2020-03-02 Matti Vanhanen.jpg,Matti Vanhanen
Finland,Deputy Prime Minister,Annika Saarikko,Q7045446,2020-09-10,,female,1983-11-10,,Annika Saarikko 2020 (cropped).jpg,Annika Saarikko
Finland,Minister of Agriculture and Forestry,Kalevi Hemilä,Q16298885,1995-04-13,2002-02-01,male,1952-09-21,,,
Finland,Minister of Agriculture and Forestry,Raimo Tammilehto,Q11889812,2002-02-01,2002-05-31,male,1943-02-05,,,
Finland,Minister of Agriculture and Forestry,Jari Koskinen,Q2614054,2002-05-31,2003-04-17,male,1960-06-11,,Jari Koskinen.jpg,Jari Koskinen
Finland,Minister of Agriculture and Forestry,Juha Korkeaoja,Q11728909,2003-04-17,2007-04-19,male,1950-01-11,,,Juha Korkeaoja
Finland,Minister of Agriculture and Forestry,Sirkka-Liisa Anttila,Q777316,2007-04-19,2003-06-24,female,1943-12-20,,Sirkka-Liisa Anttila.jpg,Sirkka-Liisa Anttila
Finland,Minister of Agriculture and Forestry,Jari Koskinen,Q2614054,2011-06-22,2014-06-24,male,1960-06-11,,Jari Koskinen.jpg,Jari Koskinen
Finland,Minister of Agriculture and Forestry,Petteri Orpo,Q6029546,2014-06-24,2015-05-28,male,1969-11-03,,"Petteri Orpo at EPP Summit, Brussels, June 2016 (27923961326) (cropped).jpg",Petteri Orpo
Finland,Minister of Agriculture and Forestry,Kimmo Tiilikainen,Q964549,2015-05-29,2017-05-05,male,1966-08-17,,Kimmo Tiilikainen.jpg,Kimmo Tiilikainen
Finland,Minister of Agriculture and Forestry,Jari Leppä,Q11866066,2017-05-05,2019-12-10,male,1959-06-24,,Jari Leppä 3 2020.jpg,Jari Leppä
Finland,Minister of Agriculture and Forestry,Jari Leppä,Q11866066,2019-06-06,2019-12-10,male,1959-06-24,,Jari Leppä 3 2020.jpg,Jari Leppä
Finland,Minister of Agriculture and Forestry,Jari Leppä,Q11866066,2019-12-10,2022-04-29,male,1959-06-24,,Jari Leppä 3 2020.jpg,Jari Leppä
Finland,Minister of Agriculture and Forestry,Antti Kurvinen,Q11852135,2022-04-29,,male,1986-07-14,,Antti Kurvinen 2021 (cropped).jpg,Antti Kurvinen
Finland,Minister of Communications,Suvi Lindén,Q3071916,2007-04-19,2011-06-21,female,1962-04-19,,Suvi Lindén.jpg,Suvi Lindén
Finland,Minister of Culture,Suvi Lindén,Q3071916,1999-04-15,2002-06-04,female,1962-04-19,,Suvi Lindén.jpg,Suvi Lindén
Finland,Minister of Culture,Tanja Karpela,Q133361,2003-04-17,2007-04-19,female,1970-08-22,,Tanja Karpela 2009.jpg,Tanja Karpela
Finland,Minister of Culture,Stefan Wallin,Q983658,2007-04-19,2011-06-22,male,1967-06-01,,Stefan Wallin at the Pentagon May 10 2012 crop.jpg,Stefan Wallin
Finland,Minister of Culture and Housing,Pia Viitanen,Q11887901,2014-04-04,2015-05-29,female,1967-04-07,,Pia Viitanen 21-4-2010.jpg,Pia Viitanen
Finland,Minister of Defence,Jan-Erik Enestam,Q2605274,1999-04-15,2003-04-16,male,1947-03-12,,Enestam.jpg,Jan-Erik Enestam
Finland,Minister of Defence,Matti Vanhanen,Q182043,2003-04-17,2003-06-24,male,1955-11-04,,2020-03-02 Matti Vanhanen.jpg,Matti Vanhanen
Finland,Minister of Defence,Seppo Kääriäinen,Q3098641,2003-06-24,2007-04-19,male,1948-03-29,,Seppo Kääriäinen with Donald Rumsfeld (cropped) - Seppo Kääriäinen.jpg,Seppo Kääriäinen
Finland,Minister of Defence,Jyri Häkämies,Q1359004,2007-04-19,2011-06-21,male,1961-08-30,,Jyri Häkämies.jpg,Jyri Häkämies
Finland,Minister of Defence,Stefan Wallin,Q983658,2011-06-22,2012-07-05,male,1967-06-01,,Stefan Wallin at the Pentagon May 10 2012 crop.jpg,Stefan Wallin
Finland,Minister of Defence,Carl Haglund,Q1038599,2012-07-05,2015-05-29,male,1979-03-29,,Carl Haglund.jpg,Carl Haglund
Finland,Minister of Defence,Jussi Niinistö,Q6315653,2015-05-29,2019-06-06,male,1970-10-27,,Jussi Niinistö.jpg,Jussi Niinistö
Finland,Minister of Defence,Antti Kaikkonen,Q11852109,2019-12-10,,male,1974-02-14,,Kaikkonen 2015 (cropped).jpg,Antti Kaikkonen
Finland,Minister for Development Cooperation and Foreign Trade,Paavo Väyrynen,Q560930,2007-04-19,2010-06-22,male,1946-09-02,,Paavo Väyrynen 2009.jpg,Paavo Väyrynen
Finland,Minister for Development Cooperation and Foreign Trade,Paavo Väyrynen,Q560930,2010-06-22,2011-06-22,male,1946-09-02,,Paavo Väyrynen 2009.jpg,Paavo Väyrynen
Finland,Minister for Development Cooperation and Foreign Trade,Ville Skinnari,Q5485318,2019-12-10,,male,1974-02-21,,Ville Skinnari.jpg,Ville Skinnari
Finland,Minister of Economic Affairs,Mauri Pekkarinen,Q1854955,2008-01-01,2011-06-21,male,1947-10-06,,Naringsminister Mauri Pekkarinen Finland.jpg,Mauri Pekkarinen
Finland,Minister of Economic Affairs,Jyri Häkämies,Q1359004,2011-06-22,2012-11-16,male,1961-08-30,,Jyri Häkämies.jpg,Jyri Häkämies
Finland,Minister of Economic Affairs,Jan Vapaavuori,Q32219,2012-11-17,2015-05-28,male,1965-04-03,,Jan Vapaavuori pormestari.jpg,Jan Vapaavuori
Finland,Minister of Economic Affairs,Olli Rehn,Q294411,2015-05-29,2016-12-29,male,1962-03-31,,Olli Rehn by Moritz Kosinsky 2.jpg,Olli Rehn
Finland,Minister of Economic Affairs,Mika Lintilä,Q16984784,2016-12-29,2019-06-06,male,1966-04-15,,Mika-Lintilä-3.jpg,Mika Lintilä
Finland,Minister of Economic Affairs,Katri Kulmuni,Q20253947,2019-06-06,2019-12-10,female,1987-09-04,,Katri Kulmuni.jpg,Katri Kulmuni
Finland,Minister of Economic Affairs,Mika Lintilä,Q16984784,2019-12-10,,male,1966-04-15,,Mika-Lintilä-3.jpg,Mika Lintilä
Finland,Minister of Education,Maija Rask,Q16990056,1999-04-15,2003-04-16,female,1951-01-28,,,Maija Rask
Finland,Minister of Education,Tuula Haatainen,Q11898869,2003-04-17,2003-06-23,female,1960-02-11,,Tuula Haatainen Feb 2020 (cropped).jpg,Tuula Haatainen
Finland,Minister of Education,Tuula Haatainen,Q11898869,2003-06-24,2005-09-23,female,1960-02-11,,Tuula Haatainen Feb 2020 (cropped).jpg,Tuula Haatainen
Finland,Minister of Education,Sari Sarkomaa,Q6304972,2007-04-19,2008-12-19,female,1965-09-24,,Sari Sarkomaa.jpg,Sari Sarkomaa
Finland,Minister of Education,Henna Virkkunen,Q2983767,2008-12-19,2011-06-22,female,1972-06-04,,Henna Virkkunen.jpg,Henna Virkkunen
Finland,Minister of Education,Jukka Gustafsson,Q2613311,2011-06-22,2013-05-24,male,1947-01-02,,Jukka Gustafsson A4.jpg,Jukka Gustafsson
Finland,Minister of Education,Krista Kiuru,Q2332874,2013-05-24,2014-04-04,female,1974-08-05,,Hallituksen infotilaisuus koronavirustilanteesta 19.3.2020 (49675829667) (cropped).jpg,Krista Kiuru
Finland,Minister of Education,Krista Kiuru,Q2332874,2014-04-04,2015-05-29,female,1974-08-05,,Hallituksen infotilaisuus koronavirustilanteesta 19.3.2020 (49675829667) (cropped).jpg,Krista Kiuru
Finland,Minister of Education,Sanni Grahn-Laasonen,Q5406165,2015-05-29,2019-06-06,female,1983-05-04,,Opetusministeri Sanni Grahn-Laasonen - 37011781032 (cropped).jpg,Sanni Grahn-Laasonen
Finland,Minister of Education,Li Andersson,Q4935864,2019-12-10,2020-12-17,female,1987-05-13,,Li-Andersson-2 13AUG2019 (cropped).jpg,Li Andersson
Finland,Minister of Education,Jussi Saramo,Q5486312,2020-12-17,2021-06-29,male,1979-07-09,,Jussi Saramo keväällä 2020.jpg,Jussi Saramo
Finland,Minister of Education,Li Andersson,Q4935864,2021-06-29,,female,1987-05-13,,Li-Andersson-2 13AUG2019 (cropped).jpg,Li Andersson
Finland,Minister of Employment,Sinikka Laisaari,Q4968788,1999-04-15,2000-02-24,female,1947-03-06,,Sinikka Mönkäre.jpg,Sinikka Mönkäre
Finland,Minister of Employment,Tarja Filatov,Q2565423,2000-02-25,2007-04-19,female,1963-08-09,,Tarja Filatov.jpg,Tarja Filatov
Finland,Minister of Employment,Tarja Cronberg,Q444761,2007-04-19,2009-06-25,female,1943-06-29,,Tarja Cronberg Finnish MEP 2014.jpg,Tarja Cronberg
Finland,Minister of Employment,Anni Sinnemäki,Q260391,2009-06-26,2011-06-22,female,1973-07-20,,Anni Sinnemäki 2014.JPG,Anni Sinnemäki
Finland,Minister of Employment,Lauri Ihalainen,Q596737,2011-06-22,2015-05-29,male,1947-05-14,,Lauri Ihalainen 2.jpg,Lauri Ihalainen
Finland,Minister of Employment,Jari Lindström,Q11866071,2015-05-29,2019-06-06,male,1965-06-28,,Jari Lindström.jpg,Jari Lindström
Finland,Minister of Employment,Timo Harakka,Q16298585,2019-06-06,2019-12-10,male,1962-12-31,,Hallituksen tiedotustilaisuus valmiuslain käyttöönotosta ja rajavalvonnasta 17.3.2020 (49669027028) (cropped).jpg,Timo Harakka
Finland,Minister of Employment,Tuula Haatainen,Q11898869,2019-12-10,,female,1960-02-11,,Tuula Haatainen Feb 2020 (cropped).jpg,Tuula Haatainen
Finland,Minister of the Environment and Climate Change,Jan-Erik Enestam,Q2605274,2003-04-17,2006-12-31,male,1947-03-12,,Enestam.jpg,Jan-Erik Enestam
Finland,Minister of the Environment and Climate Change,Stefan Wallin,Q983658,2007-01-01,2007-04-19,male,1967-06-01,,Stefan Wallin at the Pentagon May 10 2012 crop.jpg,Stefan Wallin
Finland,Minister of the Environment and Climate Change,Paula Lehtomäki,Q3180769,2007-04-19,2007-09-28,female,1972-11-29,,Paula lehtomaki b6dn202 1778.jpg,Paula Lehtomäki
Finland,Minister of the Environment and Climate Change,Paula Lehtomäki,Q3180769,2008-04-11,2010-06-22,female,1972-11-29,,Paula lehtomaki b6dn202 1778.jpg,Paula Lehtomäki
Finland,Minister of the Environment and Climate Change,Paula Lehtomäki,Q3180769,2010-06-22,2011-06-22,female,1972-11-29,,Paula lehtomaki b6dn202 1778.jpg,Paula Lehtomäki
Finland,Minister of the Environment and Climate Change,Ville Niinistö,Q2366466,2011-06-22,2014-09-25,male,1976-07-30,,Ville Niinistö 2009.jpg,Ville Niinistö
Finland,Minister of the Environment and Climate Change,Sanni Grahn-Laasonen,Q5406165,2014-09-26,2015-05-28,female,1983-05-04,,Opetusministeri Sanni Grahn-Laasonen - 37011781032 (cropped).jpg,Sanni Grahn-Laasonen
Finland,Minister of the Environment and Climate Change,Krista Mikkonen,Q11873020,2019-12-10,2021-11-19,female,1972-11-15,,Krista Mikkonen (cropped).jpg,Krista Mikkonen
Finland,Minister of the Environment and Climate Change,Emma Kari,Q16299674,2021-11-19,2022-06-07,female,1983-05-15,,Emma Kari.jpg,Emma Kari
Finland,Minister of the Environment and Climate Change,Maria Ohisalo,Q15281152,2022-06-07,,female,1985-03-08,,Maria Ohisalo portrait 2019.jpg,Maria Ohisalo
Finland,Minister for European Affairs and Foreign Trade,Mari Kiviniemi,Q105068,2005-09-02,2006-03-03,female,1968-09-27,,"Mari Kiviniemi on November 2, 2010.jpg",Mari Kiviniemi
Finland,Minister for European Affairs and Foreign Trade,Alexander Stubb,Q503143,2011-06-22,2014-06-23,male,1968-04-01,,Alexander Stubb EPP October 2018 (44474967285) (cropped).jpg,Alexander Stubb
Finland,Minister for European Affairs and Foreign Trade,Lenita Toivakka,Q11875437,2014-06-24,2015-05-29,female,1961-09-28,,Lenita Toivakka-26.jpg,Lenita Toivakka
Finland,Minister for European Affairs and Foreign Trade,Lenita Toivakka,Q11875437,2015-05-29,2016-06-22,female,1961-09-28,,Lenita Toivakka-26.jpg,Lenita Toivakka
Finland,Minister for European Affairs and Foreign Trade,Kai Mykkänen,Q11868890,2016-06-22,2018-02-12,male,1979-07-31,,Ulkomaankauppa- ja kehitysministeri Kai Mykkänen - 37101247681.jpg,Kai Mykkänen
Finland,Minister for European Affairs and Foreign Trade,Anne-Mari Virolainen,Q4984722,2018-02-12,2019-06-06,female,1965-12-05,,Anne-Mari Virolainen.jpg,Anne-Mari Virolainen
Finland,"Minister for European Affairs, Culture and Sport",Timo Soini,Q355463,2015-05-29,2017-05-05,male,1962-05-30,,Timo Soini.jpg,Timo Soini
Finland,"Minister for European Affairs, Culture and Sport",Sampo Terho,Q782439,2017-05-05,2019-06-06,male,1977-09-20,,Sampoterhoeurovaaliväittely2014sanomataloDSCN3350.JPG,Sampo Terho
Finland,"Minister for European Affairs, Culture and Sport",Tytti Tuppurainen,Q11898995,2019-12-10,,female,1976-02-18,,2019 Tytti Tuppurainen (48137854342) (cropped).jpg,Tytti Tuppurainen
Finland,Minister of Family Affairs and Social Services,Krista Kiuru,Q2332874,2019-12-10,2022-02-04,female,1974-08-05,,Hallituksen infotilaisuus koronavirustilanteesta 19.3.2020 (49675829667) (cropped).jpg,Krista Kiuru
Finland,Minister of Family Affairs and Social Services,Aki Lindén,Q63093968,2022-02-04,,male,1952-04-19,,Aki Linden 2022 (cropped).jpg,Aki Lindén
Finland,Minister of Finance,Sauli Niinistö,Q29207,1999-04-15,2003-04-16,male,1948-08-24,,Sauli Niinistö at the Enthronement of Naruhito (1).jpg,Sauli Niinistö
Finland,Minister of Finance,Antti Kalliomäki,Q609682,2003-04-17,2003-06-24,male,1947-01-08,,Antti Kalliomaki (cropped).jpg,Antti Kalliomäki
Finland,Minister of Finance,Antti Kalliomäki,Q609682,2003-06-24,2005-09-23,male,1947-01-08,,Antti Kalliomaki (cropped).jpg,Antti Kalliomäki
Finland,Minister of Finance,Eero Heinäluoma,Q2360756,2005-09-23,2007-04-19,male,1955-07-04,,Eero Heinäluoma 2009-05-24.jpg,Eero Heinäluoma
Finland,Minister of Finance,Jyrki Katainen,Q57638,2007-04-19,2011-06-22,male,1971-10-14,,Jyrki Katainen in 2019 (cropped).jpg,Jyrki Katainen
Finland,Minister of Finance,Jutta Urpilainen,Q241376,2011-06-22,2014-06-06,female,1975-08-04,,Jutta Urpilainen (cropped).jpg,Jutta Urpilainen
Finland,Minister of Finance,Antti Rinne,Q11852228,2014-06-06,2015-05-29,male,1962-11-03,,Antti Rinne.jpg,Antti Rinne
Finland,Minister of Finance,Alexander Stubb,Q503143,2015-05-29,2016-06-22,male,1968-04-01,,Alexander Stubb EPP October 2018 (44474967285) (cropped).jpg,Alexander Stubb
Finland,Minister of Finance,Petteri Orpo,Q6029546,2016-06-22,2019-06-06,male,1969-11-03,,"Petteri Orpo at EPP Summit, Brussels, June 2016 (27923961326) (cropped).jpg",Petteri Orpo
Finland,Minister of Finance,Mika Lintilä,Q16984784,2019-06-06,2019-12-10,male,1966-04-15,,Mika-Lintilä-3.jpg,Mika Lintilä
Finland,Minister of Finance,Katri Kulmuni,Q20253947,2019-12-10,2020-06-05,female,1987-09-04,,Katri Kulmuni.jpg,Katri Kulmuni
Finland,Minister of Finance,Matti Vanhanen,Q182043,2020-06-08,2021-05-27,male,1955-11-04,,2020-03-02 Matti Vanhanen.jpg,Matti Vanhanen
Finland,Minister of Finance,Annika Saarikko,Q7045446,2021-05-27,,female,1983-11-10,,Annika Saarikko 2020 (cropped).jpg,Annika Saarikko
Finland,Minister for Foreign Affairs,Tarja Halonen,Q29213,1995-04-13,2000-02-25,female,1943-12-24,,Tarja Halonen 1c389 8827-2.jpg,Tarja Halonen
Finland,Minister for Foreign Affairs,Erkki Tuomioja,Q58121,2000-02-25,2007-04-19,male,1946-07-01,,Erkki Tuomioja 2007.jpg,Erkki Tuomioja
Finland,Minister for Foreign Affairs,Ilkka Kanerva,Q718650,2007-04-19,2008-04-04,male,1948-01-28,2022-04-14,Kanerva.jpg,Ilkka Kanerva
Finland,Minister for Foreign Affairs,Alexander Stubb,Q503143,2008-04-04,2011-06-22,male,1968-04-01,,Alexander Stubb EPP October 2018 (44474967285) (cropped).jpg,Alexander Stubb
Finland,Minister for Foreign Affairs,Erkki Tuomioja,Q58121,2011-06-22,2015-05-28,male,1946-07-01,,Erkki Tuomioja 2007.jpg,Erkki Tuomioja
Finland,Minister for Foreign Affairs,Timo Soini,Q355463,2015-05-29,2019-06-06,male,1962-05-30,,Timo Soini.jpg,Timo Soini
Finland,Minister for Foreign Affairs,Pekka Haavisto,Q317485,2019-12-10,,male,1958-03-23,,Ulkoministeri Pekka Haaviston ja puolutstusministeri Antti Kaikkosen info 15.5.2022 (52075045954).jpg,Pekka Haavisto
Finland,Minister for Foreign Affairs,Pekka Haavisto,Q317485,2019-12-10,2019-12-10,male,1958-03-23,,Ulkoministeri Pekka Haaviston ja puolutstusministeri Antti Kaikkosen info 15.5.2022 (52075045954).jpg,Pekka Haavisto
Finland,Minister of Housing,Jan Vapaavuori,Q32219,2007-04-19,2011-06-21,male,1965-04-03,,Jan Vapaavuori pormestari.jpg,Jan Vapaavuori
Finland,Minister of Housing,Krista Kiuru,Q2332874,2011-06-22,2013-05-24,female,1974-08-05,,Hallituksen infotilaisuus koronavirustilanteesta 19.3.2020 (49675829667) (cropped).jpg,Krista Kiuru
Finland,Minister of the Interior,Ville Itälä,Q1168762,2000-09-01,2003-04-17,male,1959-05-10,,Villeitala.jpg,Ville Itälä
Finland,Minister of the Interior,Kari Rajamäki,Q971525,2003-04-17,2007-04-19,male,1948-10-15,,Kari Rajamäki.jpg,Kari Rajamäki
Finland,Minister of the Interior,Anne Holmlund,Q2851141,2007-04-19,2011-06-22,female,1964-04-18,,Anne Holmlund.jpg,Anne Holmlund
Finland,Minister of the Interior,Päivi Räsänen,Q438819,2011-06-22,2014-06-23,female,1959-12-19,,Päivi Räsänen 2015.jpg,Päivi Räsänen
Finland,Minister of the Interior,Päivi Räsänen,Q438819,2014-06-24,2015-05-28,female,1959-12-19,,Päivi Räsänen 2015.jpg,Päivi Räsänen
Finland,Minister of the Interior,Petteri Orpo,Q6029546,2015-05-29,2016-06-22,male,1969-11-03,,"Petteri Orpo at EPP Summit, Brussels, June 2016 (27923961326) (cropped).jpg",Petteri Orpo
Finland,Minister of the Interior,Paula Risikko,Q2983780,2016-06-22,2018-02-05,female,1960-06-04,,Paula Risikko vid Nordiska Radets session 2011 i Kopenhamn.jpg,Paula Risikko
Finland,Minister of the Interior,Kai Mykkänen,Q11868890,2018-02-12,2019-06-06,male,1979-07-31,,Ulkomaankauppa- ja kehitysministeri Kai Mykkänen - 37101247681.jpg,Kai Mykkänen
Finland,Minister of the Interior,Maria Ohisalo,Q15281152,2019-12-10,2021-11-19,female,1985-03-08,,Maria Ohisalo portrait 2019.jpg,Maria Ohisalo
Finland,Minister of the Interior,Krista Mikkonen,Q11873020,2021-11-19,,female,1972-11-15,,Krista Mikkonen (cropped).jpg,Krista Mikkonen
Finland,Minister for International Development,Heidi Hautala,Q256001,2011-06-22,2013-10-16,female,1955-11-14,,Heidi Hautala A4.jpg,Heidi Hautala
Finland,Minister for International Development,Pekka Haavisto,Q317485,2013-10-17,2014-09-25,male,1958-03-23,,Ulkoministeri Pekka Haaviston ja puolutstusministeri Antti Kaikkosen info 15.5.2022 (52075045954).jpg,Pekka Haavisto
Finland,Minister for International Development,Sirpa Paatero,Q16989600,2014-09-26,2015-05-29,female,1964-09-09,,Sirpa Paatero-16.jpg,Sirpa Paatero
Finland,Minister of Justice,Johannes Koskinen,Q3781266,1999-04-15,2005-09-22,male,1954-12-10,,Johannes Koskinen 2.2020 (cropped).jpg,Johannes Koskinen
Finland,Minister of Justice,Leena Luhtanen,Q3228984,2005-09-23,2007-04-19,female,1941-02-12,,Leena Luhtanen.jpg,Leena Luhtanen
Finland,Minister of Justice,Tuija Brax,Q297829,2007-04-19,2011-06-22,female,1965-01-06,,Tuijabrax.jpg,Tuija Brax
Finland,Minister of Justice,Anna-Maja Henriksson,Q2850448,2011-06-22,2015-05-29,female,1964-01-07,,Anna-Maja Henriksson-12 (cropped).jpg,Anna-Maja Henriksson
Finland,Minister of Justice,Jari Lindström,Q11866071,2015-05-29,2017-05-05,male,1965-06-28,,Jari Lindström.jpg,Jari Lindström
Finland,Minister of Justice,Antti Häkkänen,Q16299227,2017-05-05,2019-06-06,male,1985-01-16,,Hakkanen+Antti+10.jpg,Antti Häkkänen
Finland,Minister of Justice,Anna-Maja Henriksson,Q2850448,2019-12-10,,female,1964-01-07,,Anna-Maja Henriksson-12 (cropped).jpg,Anna-Maja Henriksson
Finland,Minister of Local Government,Sirpa Paatero,Q16989600,2019-12-10,,female,1964-09-09,,Sirpa Paatero-16.jpg,Sirpa Paatero
Finland,Minister of Local Government and Public Reforms,Anu Vehviläinen,Q4349014,2015-05-29,2020-06-09,female,1963-09-09,,Anu Vehviläinen 2010 (cropped).jpg,Anu Vehviläinen
Finland,Minister for Nordic Cooperation,Thomas Blomqvist,Q5579704,2019-12-10,,male,1965-01-15,,Thomas Blomqvist.jpg,Thomas Blomqvist
Finland,Minister of Science and Culture,Hanna Kosonen,Q5648706,2019-08-09,2020-08-05,female,1976-02-27,,Hanna Kosonen 18.3.2020 (cropped).jpg,Hanna Kosonen
Finland,Minister of Science and Culture,Antti Kurvinen,Q11852135,2021-05-27,2022-04-29,male,1986-07-14,,Antti Kurvinen 2021 (cropped).jpg,Antti Kurvinen
Finland,Minister of Science and Culture,Petri Honkonen,Q20257511,2022-04-29,,male,1987-07-29,,Petri Honkonen (52036481427) (cropped).jpg,Petri Honkonen
Finland,Minister of Social Affairs and Health,Maija Perho,Q11880551,1999-04-15,2003-04-16,female,1948-05-29,,Maija Perho.jpg,Maija Perho
Finland,Minister of Social Affairs and Health,Sinikka Laisaari,Q4968788,2003-04-17,2005-09-23,female,1947-03-06,,Sinikka Mönkäre.jpg,Sinikka Mönkäre
Finland,Minister of Social Affairs and Health,Tuula Haatainen,Q11898869,2005-09-24,2007-04-18,female,1960-02-11,,Tuula Haatainen Feb 2020 (cropped).jpg,Tuula Haatainen
Finland,Minister of Social Affairs and Health,Maria Guzenina-Richardson,Q2334883,2011-06-22,2013-05-24,female,1969-01-12,,Maria Guzenina-Richardson A4.jpg,Maria Guzenina
Finland,Minister of Social Affairs and Health,Paula Risikko,Q2983780,2011-06-22,2014-06-24,female,1960-06-04,,Paula Risikko vid Nordiska Radets session 2011 i Kopenhamn.jpg,Paula Risikko
Finland,Minister of Social Affairs and Health,Susanna Huovinen,Q546665,2013-05-24,2014-06-24,female,1972-06-10,,Susanna Huovinen Finland BSPC 19 Mariehamn aland 2010 (cropped).jpg,Susanna Huovinen
Finland,Minister of Social Affairs and Health,Laura Räty,Q11875001,2014-06-24,2015-05-29,female,1977-09-14,,Laura Räty tammikuussa 2015.jpg,Laura Räty
Finland,Minister of Social Affairs and Health,Susanna Huovinen,Q546665,2014-06-24,2015-05-29,female,1972-06-10,,Susanna Huovinen Finland BSPC 19 Mariehamn aland 2010 (cropped).jpg,Susanna Huovinen
Finland,Minister of Social Affairs and Health,Hanna Mäntylä,Q11861334,2015-05-29,2016-08-24,female,1974-09-19,,Hanna Mäntylä.JPG,Hanna Mäntylä
Finland,Minister of Social Affairs and Health,Pirkko Mattila,Q7198035,2016-08-25,2019-06-06,female,1964-04-02,,Pirkko Mattila.jpg,Pirkko Mattila
Finland,Minister of Social Affairs and Health,Aino-Kaisa Pekonen,Q11850151,2019-12-10,2021-06-29,female,1979-01-24,,Aino-Kaisa Pekonen vuonna 2019.jpg,Aino-Kaisa Pekonen
Finland,Minister of Social Affairs and Health,Hanna Sarkkinen,Q16990389,2021-06-29,,female,1988-04-18,,Hanna Sarkkinen.jpg,Hanna Sarkkinen
Finland,Minister of Trade and Industry,Sinikka Laisaari,Q4968788,2000-02-25,2003-04-16,female,1947-03-06,,Sinikka Mönkäre.jpg,Sinikka Mönkäre
Finland,Minister of Trade and Industry,Mauri Pekkarinen,Q1854955,2003-04-17,2007-12-31,male,1947-10-06,,Naringsminister Mauri Pekkarinen Finland.jpg,Mauri Pekkarinen
Finland,Minister of Transport,Anu Vehviläinen,Q4349014,2007-04-19,2011-06-22,female,1963-09-09,,Anu Vehviläinen 2010 (cropped).jpg,Anu Vehviläinen
Finland,Minister of Transport,Merja Kyllönen,Q460676,2011-06-22,2014-04-24,female,1977-01-25,,Merja Kyllönen.jpg,Merja Kyllönen
Finland,Minister of Transport,Henna Virkkunen,Q2983767,2014-04-04,2014-06-24,female,1972-06-04,,Henna Virkkunen.jpg,Henna Virkkunen
Finland,Minister of Transport and Communications,Leena Luhtanen,Q3228984,2003-04-17,2005-09-22,female,1941-02-12,,Leena Luhtanen.jpg,Leena Luhtanen
Finland,Minister of Transport and Communications,Susanna Huovinen,Q546665,2005-09-23,2007-04-19,female,1972-06-10,,Susanna Huovinen Finland BSPC 19 Mariehamn aland 2010 (cropped).jpg,Susanna Huovinen
Finland,Minister of Transport and Communications,Anne Berner,Q16980286,2015-05-29,2019-05-29,female,1964-01-16,,Anne Berner.jpg,Anne Berner
Finland,Minister of Transport and Communications,Anu Vehviläinen,Q4349014,2019-05-29,2019-06-06,female,1963-09-09,,Anu Vehviläinen 2010 (cropped).jpg,Anu Vehviläinen
Finland,Minister of Transport and Communications,Sanna Marin,Q16986436,2019-06-06,2019-12-10,female,1985-11-16,,Prime Minister of Finland Sanna Marin 2019 (cropped).jpg,Sanna Marin
Finland,Minister of Transport and Communications,Timo Harakka,Q16298585,2019-12-10,,male,1962-12-31,,Hallituksen tiedotustilaisuus valmiuslain käyttöönotosta ja rajavalvonnasta 17.3.2020 (49669027028) (cropped).jpg,Timo Harakka
Finland,Minister of Transport and Local Government,Paula Risikko,Q2983780,2014-06-24,2015-05-29,female,1960-06-04,,Paula Risikko vid Nordiska Radets session 2011 i Kopenhamn.jpg,Paula Risikko
Finland,Minister of the Ministry of Finance,Ulla-Maj Wideroos,Q3497402,2003-04-27,2007-04-18,female,1951-10-22,,Wideroos.jpg,Ulla-Maj Wideroos
Finland,Minister of the Ministry of Finance,Mari Kiviniemi,Q105068,2007-04-19,2010-06-21,female,1968-09-27,,"Mari Kiviniemi on November 2, 2010.jpg",Mari Kiviniemi
Finland,Speaker of the Parliament,Riitta Uosukainen,Q438744,1999-04-20,2003-03-18,female,1942-06-18,,Riitta Uosukainen.jpg,Riitta Uosukainen
Finland,Speaker of the Parliament,Anneli Jäätteenmäki,Q229517,2003-03-25,2003-04-16,female,1955-02-11,,Jäätteenmäki Anneli 2014-02-06 1.jpg,Anneli Jäätteenmäki
Finland,Speaker of the Parliament,Paavo Lipponen,Q29110,2003-04-22,2007-03-20,male,1941-04-23,,Paavo Lipponen 2004.jpg,Paavo Lipponen
Finland,Speaker of the Parliament,Timo Kalli,Q6304985,2007-03-27,2007-04-20,male,1947-02-22,,Timo Kalli.jpg,Timo Kalli
Finland,Speaker of the Parliament,Sauli Niinistö,Q29207,2007-04-24,2011-04-27,male,1948-08-24,,Sauli Niinistö at the Enthronement of Naruhito (1).jpg,Sauli Niinistö
Finland,Speaker of the Parliament,Ben Zyskowicz,Q2977831,2011-04-27,2011-06-22,male,1954-05-24,,Ben Zyskowicz20110226.jpg,Ben Zyskowicz
Finland,Speaker of the Parliament,Eero Heinäluoma,Q2360756,2011-06-23,2015-04-21,male,1955-07-04,,Eero Heinäluoma 2009-05-24.jpg,Eero Heinäluoma
Finland,Speaker of the Parliament,Juha Sipilä,Q1711532,2015-04-28,2015-05-28,male,1961-04-25,,"Juha Sipila in Stockholm, Sweden on April 17, 2018 (cropped).JPG",Juha Sipilä
Finland,Speaker of the Parliament,Maria Lohela,Q16984994,2015-05-29,2018-02-05,female,1978-06-11,,Maria Lohela 2015.jpg,Maria Lohela
Finland,Speaker of the Parliament,Paula Risikko,Q2983780,2018-02-05,2019-04-16,female,1960-06-04,,Paula Risikko vid Nordiska Radets session 2011 i Kopenhamn.jpg,Paula Risikko
Finland,Speaker of the Parliament,Antti Rinne,Q11852228,2019-04-24,2019-06-05,male,1962-11-03,,Antti Rinne.jpg,Antti Rinne
Finland,Speaker of the Parliament,Matti Vanhanen,Q182043,2019-06-07,2020-06-09,male,1955-11-04,,2020-03-02 Matti Vanhanen.jpg,Matti Vanhanen
Finland,Speaker of the Parliament,Anu Vehviläinen,Q4349014,2020-06-09,2022-02-01,female,1963-09-09,,Anu Vehviläinen 2010 (cropped).jpg,Anu Vehviläinen
Finland,Speaker of the Parliament,Matti Vanhanen,Q182043,2022-02-01,,male,1955-11-04,,2020-03-02 Matti Vanhanen.jpg,Matti Vanhanen
Finland,Chancellor of Justice,Paavo Nikula,Q7121505,1998,2007,male,1942-08-15,,Paavo nikula.jpeg,Paavo Nikula
Finland,Chancellor of Justice,Jaakko Jonkka,Q6109574,2007,2017-04-30,male,1953-02-12,2022-01-04,JaakkoJonkka.jpg,Jaakko Jonkka
Finland,Chancellor of Justice,Risto Hiekkataipale,Q100605132,2017,2017,male,1951-01-24,,,
Finland,Chancellor of Justice,Tuomas Pöysti,Q23040773,2018-01-01,,male,1970-05-02,,Hallituksen neuvottelut Säätytalossa 3.5.2020 (49849289856).jpg,
Finland,Deputy Chancellor of Justice,Jaakko Jonkka,Q6109574,2001,2007,male,1953-02-12,2022-01-04,JaakkoJonkka.jpg,Jaakko Jonkka
Finland,Deputy Chancellor of Justice,Mikko Puumalainen,Q16989951,2007,2014,male,1961-03-22,,Mikko Puumalainen (cropped).jpg,
Finland,Deputy Chancellor of Justice,Risto Hiekkataipale,Q100605132,2014,2017,male,1951-01-24,,,
Finland,Deputy Chancellor of Justice,Kimmo Hakonen,Q63093572,2017,2017,male,1961,,,
Finland,Deputy Chancellor of Justice,Mikko Puumalainen,Q16989951,2018,,male,1961-03-22,,Mikko Puumalainen (cropped).jpg,
Finland,Prosecutor General,Matti Kuusimäki,Q6791698,1997,2010-03-31,male,1943-05-03,,Kuusimaki.jpg,Matti Kuusimäki
Finland,Prosecutor General,Matti Nissinen,Q16989423,2010-04-01,,male,1956,,Matti Nissinen.jpg,
Finland,Chief of Defence,Gustav Hägglund,Q3357738,1994-11-01,2001-06-03,male,1938-09-06,,Gustav Hägglund.jpg,Gustav Hägglund
Finland,Chief of Defence,Juhani Kaskeala,Q3735466,2001-06-04,2009-07-31,male,1946-07-26,,Juhani Kaskeala toimintakertomus.jpg,Juhani Kaskeala
Finland,Chief of Defence,Ari Puheloinen,Q2615997,2009-08-01,2014-07-31,male,1951-12-26,,Ari puheloinen.jpg,Ari Puheloinen
Finland,Chief of Defence,Jarmo Lindberg,Q11866170,2014-08-01,2019-07-31,male,1959-06-10,,Jarmo Lindberg.jpg,Jarmo Lindberg
Finland,Chief of Defence,Timo Kivinen,Q16299896,2019-08-01,,male,1959-12-08,,Timo Kivinen 2020 (cropped).jpg,Timo Kivinen
Finland,Governor of the Bank of Finland,Matti Vanhala,Q11881731,1998,2004,male,1946-01-31,2004-09-29,,Matti Vanhala
Finland,Governor of the Bank of Finland,Erkki Liikanen,Q194058,2004,2018,male,1950-09-19,,"Erkki Liikanen at Bank of Finland seminar, 2016 01.jpg",Erkki Liikanen
Finland,Governor of the Bank of Finland,Olli Rehn,Q294411,2018-07-12,,male,1962-03-31,,Olli Rehn by Moritz Kosinsky 2.jpg,Olli Rehn
Finland,mayor of Helsinki,Jan Vapaavuori,Q32219,2017-06,2021-08,male,1965-04-03,,Jan Vapaavuori pormestari.jpg,Jan Vapaavuori
Finland,mayor of Helsinki,Juhana Vartiainen,Q11867451,2021-08-02,,male,1958-05-28,,Juhana Vartiainen.jpg,Juhana Vartiainen
Finland,ambassador to Bulgaria,Kristiina Kuvaja-Xanthopoulos,Q107406460,2020-11-16,,female,,,,
Finland,ambassador to Canada,Veijo Sampovaara,Q60901673,1995,2000,male,,,,
Finland,ambassador to Canada,Ilkka Ristimäki,Q60901655,2000,2004,male,,,,
Finland,ambassador to Canada,Pasi Patokallio,Q60901562,2004,2008,male,1949,,,Pasi Patokallio
Finland,ambassador to Canada,Risto Piipponen,Q60901631,2008,2012,,,,,
Finland,ambassador to Canada,Charles Murto,Q60901609,2012,2016,male,,,,
Finland,ambassador to Canada,Vesa Lehtonen,Q60901584,2016,,male,,,,
Finland,ambassador to Denmark,Vesa Vasara,Q107400683,2017-09-01,,male,,,,
Finland,ambassador to Egypt,Aapo Pölhö,Q57166549,1998,2002,male,,,,
Finland,ambassador to Egypt,Hannes Mäntyvaara,Q57166562,2002,2005,male,,,,
Finland,ambassador to Egypt,Hannu Hälinen,Q29895825,2005,2009,male,,,,
Finland,ambassador to Egypt,Roberto Tanzi-Albi,Q57166525,2009,2013,male,,,,
Finland,ambassador to Egypt,Tuula Yrjölä,Q29419275,2013,2016,female,1962-05-14,,"Tuula Yrjölä, Director of the OSCE Conflict Prevention Centre, First Committee Meeting, Vienna, 21 February 2020.jpg",Tuula Yrjölä
Finland,ambassador to Estonia,Pekka Oinonen,Q16989525,1996,2001,male,1944-01-23,,,Pekka Oinonen
Finland,ambassador to Estonia,Jaakko Blomberg,Q11865456,2001,2005,male,1942-04-26,,,Jaakko Blomberg
Finland,ambassador to Estonia,Jaakko Kalela,Q11865486,2005,2010,male,1944-01-24,,Jaakko Kalela.IMGP5966.JPG,Jaakko Kalela
Finland,ambassador to Estonia,Aleksi Härkönen,Q12358812,2010,2014,male,1952,,,
Finland,ambassador to Estonia,Kirsti Narinen,Q29419251,2014,2018,female,1960,,Kirsti Narinen 2017.jpg,Kirsti Narinen
Finland,ambassador to Estonia,Timo Kantola,Q61053034,2018,,male,,,,
Finland,ambassador to Germany,Anne Sipiläinen,Q88895028,2019-06-11,,female,1961-10-01,,"Anne Sipiläinen, Under Secretary of State, Finland addresses the gathering (10841629673).jpg",
Finland,ambassador to Hungary,Jari Vilén,Q736216,2007,2012,male,1964-04-17,,Jari Vilén.jpg,Jari Vilén
Finland,ambassador to India,Benjamin Bassin,Q2361522,1995,2001,male,1944-01-18,2018-03-27,,Benjamin Bassin
Finland,ambassador to India,Glen Lindholm,Q57167358,2001,2005,male,,,,
Finland,ambassador to India,Asko Numminen,Q57167360,2005,2009,male,,,,
Finland,ambassador to India,Terhi Hakala,Q30174192,2009,2012,female,,,"The Ambassador-Designate of Finland, Ms. Terhi Hakala presented her credentials to the President, Smt. Pratibha Devisingh Patil, at Rashtrapati Bhavan, in New Delhi on September 24, 2009.jpg",Terhi Hakala
Finland,ambassador to India,Aapo Pölhö,Q57166549,2013,2016,male,,,,
Finland,ambassador to India,Nina Vaskunlahti,Q29419272,2016,,female,,,Nina Vaskunlahti 2020.jpg,Nina Vaskunlahti
Finland,ambassador to Israel,Kirsikka Lehto-Asikainen,Q109585960,2019-04-01,,female,1970,,,
Finland,ambassador to Japan,Pekka Lintu,Q7161088,1994,2000,male,1947,,,Pekka Lintu
Finland,ambassador to Japan,Pekka Orpana,Q20254151,2018-09-01,,male,,,,
Finland,ambassador to Malaysia,Unto Turunen,Q23040843,2000,2004,male,1932,,,Unto Turunen
Finland,ambassador to Norway,Erik Lundberg,Q50792192,2014-09-01,,male,,,,
Finland,ambassador to Poland,Jan Store,Q11865870,2004,2008,male,1948-04-01,,,Jan Store
Finland,ambassador to Poland,Vesa Himanen,Q9368463,2008,2012,male,1950-01-11,,,
Finland,ambassador to Poland,Jari Vilén,Q736216,2012,2014,male,1964-04-17,,Jari Vilén.jpg,Jari Vilén
Finland,ambassador to Poland,Hanna Lehtinen,Q29419256,2014,2018,female,1958-05-09,,,Hanna Lehtinen
Finland,ambassador to Poland,Juha Ottman,Q107389894,2018,,male,,,,
Finland,ambassador to Portugal,Tarja Laitiainen,Q30174161,2016-10-01,,female,,,,Tarja Laitiainen
Finland,ambassador to Russia,Matti Anttonen,Q4067636,2008,2012,male,1957-11-27,,Vuoden alumni Matti Anttonen.jpg,Matti Anttonen
Finland,ambassador to Russia,Mikko Hautala,Q22919212,2016,2020,male,1972-05-10,,Mikko Hautala.jpg,
Finland,ambassador to Russia,Antti Helanterä,Q97595072,2020-09-01,,male,1971,,Antti Khelanterya.jpg,
Finland,ambassador to Sweden,Heikki Talvitie,Q5487785,1996,2002,male,1939-09-05,,Heikki Talvitie.JPG,Heikki Talvitie
Finland,ambassador to Sweden,Pertti Torstila,Q16990945,2002,2006,male,1946-02-13,,Pertti Torstila.jpg,Pertti Torstila
Finland,ambassador to Sweden,Alec Aalto,Q11850649,2006-06-01,2010,male,1942-09-24,2018-12-24,,Alec Aalto
Finland,ambassador to Sweden,Markus Lyra,Q3809554,2010,2011,male,1945-08-03,,,Markus Lyra
Finland,ambassador to Sweden,Harry Helenius,Q4497150,2011,2014,male,1946-06-22,2019-03-14,,Harry Helenius
Finland,ambassador to Sweden,Jarmo Viinanen,Q5406632,2014,2016,male,1959-02-23,,,Jarmo Viinanen
Finland,ambassador to Sweden,Matti Anttonen,Q4067636,2017,2018,male,1957-11-27,,Vuoden alumni Matti Anttonen.jpg,Matti Anttonen
Finland,ambassador to Sweden,Maimo Henriksson,Q105492532,2021-09-01,,female,1961,,,
Finland,ambassador to Thailand,Satu Suikkari-Kleven,Q29419365,2016-09-01,,female,,,,
Finland,ambassador to Turkey,Björn Ekblom,Q60424188,1998,2000,male,1938,2013-03-25,,
Finland,ambassador to Turkey,Garth Castrén,Q26922041,2000,2004,male,1939,,,Garth Castrén
Finland,ambassador to Turkey,Maria Serenius,Q29419368,2004,2008,female,,,Maria Serenius in 2012.jpg,Maria Serenius
Finland,ambassador to Turkey,Kirsti Eskelinen,Q29419381,2008,2012,female,,,,Kirsti Eskelinen
Finland,ambassador to Turkey,Nina Vaskunlahti,Q29419272,2012,2016,female,,,Nina Vaskunlahti 2020.jpg,Nina Vaskunlahti
Finland,ambassador to Turkey,Päivi Kairamo-Hella,Q11889361,2016,,female,1964-04-10,,UNCTAD SG MEETING DSC7869 (6460747673).jpg,Päivi Kairamo
Finland,ambassador to Ukraine,Мартті Ісоаро,Q12121573,1996,2000,male,,,,
Finland,ambassador to Ukraine,Тімо Юхані Репо,Q12163204,2000,2003,male,1945,,,
Finland,ambassador to Ukraine,Лаура Рейніля,Q12117194,2003,2007,female,1950,,,
Finland,ambassador to Ukraine,Christer Michelsson,Q20560096,2007-09-06,2011,male,1957-03-27,,,
Finland,ambassador to Ukraine,Arja Makkonen,Q29419261,2011-09-01,2015,female,1958,,Arja Makkonen.jpg,Arja Makkonen
Finland,ambassador to Ukraine,Juha Virtanen,Q21683679,2015-09-03,2019-05-31,male,,,,
Finland,ambassador to Ukraine,Päivi Maarit Laine,Q64977813,2019-06-01,,female,1964-04-14,,Президент України Володимир Зеленський та посол Фінляндії Пяйві Лайне.jpg,
Finland,ambassador to the United States,Jukka Valtasaari,Q16991148,1988,,male,1940,,Jukka Valtasaari.jpg,
Finland,ambassador to the United States,Jaakko Laajava,Q13569881,1996,2001,male,1947-06-23,,Laajava.jpg,Jaakko Laajava
Finland,ambassador to the United States,Jukka Valtasaari,Q16991148,1996,,male,1940,,Jukka Valtasaari.jpg,
Finland,ambassador to the United States,Jukka Valtasaari,Q16991148,2001,2005,male,1940,,Jukka Valtasaari.jpg,
Finland,ambassador to the United States,Pekka Lintu,Q7161088,2006,2011,male,1947,,,Pekka Lintu
Finland,ambassador to the United States,Ritva Koukku-Ronde,Q11890975,2011,2015,female,1956-04-15,,Ritva Koukku-Ronde in FFM.jpg,Ritva Koukku-Ronde
Finland,ambassador to the United States,Kirsti Kauppi,Q29419266,2015,2020,female,1957,,Finnish Ambassador Kauppi 2018 (42718145204) (cropped).jpg,Kirsti Kauppi
Finland,ambassador to the United States,Mikko Hautala,Q22919212,2020-09,,male,1972-05-10,,Mikko Hautala.jpg,
Finland,ambassador of Finland,Pertti Salolainen,Q326512,1996,2004,male,1940-10-19,,Pertti Salolainen.jpg,Pertti Salolainen
Finland,ambassador of Finland,Taisto Tolvanen,Q102048379,2000,2005,male,,,,
Finland,City Manager of Helsinki,Eva-Riitta Siitonen,Q3735752,1996-06-01,2005-05-31,female,1940-05-31,,Eva-Riitta Siitonen Tampere.jpg,Eva-Riitta Siitonen
Finland,City Manager of Helsinki,Jussi Pajunen,Q2475123,2005-06-01,2017-06-07,male,1954-09-05,,Jussi Pajunen.jpg,Jussi Pajunen
Finland,City Manager of Turku,Minna Arve,Q18632341,2017-10,2021-08,female,1974,,Minna Arve.JPG,Minna Arve
Finland,mayor of Turku,Minna Arve,Q18632341,2021-08,,female,1974,,Minna Arve.JPG,Minna Arve
Finland,mayor of Oulu,Kari Nenonen,Q16989345,1999,2006,male,1953-09-24,,Kari Nenonen.JPG,
Finland,mayor of Oulu,Matti Pennanen,Q11881667,2006,2017-03-31,male,1951-11-23,,,
Finland,mayor of Oulu,Päivi Laajala,Q28720770,2017-04-01,,female,1961-05-21,,,
Finland,mayor of Tampere,Timo P. Nieminen,Q2434917,2007,2012,male,1944-01-20,,Timo p nieminen.jpg,
Finland,mayor of Tampere,Anna-Kaisa Ikonen,Q16299288,2012,2017,female,1977-04-04,,Anna-Kaisa Ikonen 2019.jpg,Anna-Kaisa Ikonen
Finland,mayor of Tampere,Lauri Lyly,Q5391948,2017,,male,1953-02-20,,Lauri Lyly.jpg,Lauri Lyly
